Balbilla-verb-indicative: http://127.0.0.1:9999/search/word.html?text_corpus=literature_verse&text_author=Balbilla&word_pos=Verb&start=0&word_mood=indicative,,,,,,
ἐγενόμην,ὅτε σὺν τῇ Σεβαστῇ Σαβείνη|ι ἐγενόμην παρὰ τῷ Μέμνονι . [0],Balbilla2,1,"1ad
 2ad",singular,ADV
ἐνέποισιν,"Αὔως καὶ γεράρω , Μέμνον , πάϊ Τιθώνοιο , Θηβάας θάσσων ἄντα Δίος πόλιος , ἢ Ἀμένωθ , βασίλευ Αἰγύπτιε , τὼς ἐνέποισιν ἴρηες μύθων τῶν παλάων ἴδριες , χαῖρε , καὶ αὐδάσαις πρόφρων ἀσπάσ̣δ̣ε[ο] [κ]αὔτ[αν] τὰν σέμναν ἄλοχον κοιράνω Ἀδριάνω .",Balbilla2,2,"1ad
 2ad",plural,ATR
τμᾶξε,"γλῶσσαν μέν τοι τμᾶξε [κ]αὶ ὤατα βάρβαρο̣ς̣ ἄνηρ , Καμβύσαις ἄθεος ·",Balbilla2,3,"1ad
 2ad",singular,PRED
δῶκέν,τῶ ῥα λύγρῳ θαν̣άτῳ δῶκέν τοι ποίναν τʼ ὤτωι ἅκ[ρῳ] ἄορι πλάγεις τῷ νήλας Ἆπιν κάκτανε τὸν θέϊον .,Balbilla2,4,"1ad
 2ad",singular,PRED
κάκτανε,τῶ ῥα λύγρῳ θαν̣άτῳ δῶκέν τοι ποίναν τʼ ὤτωι ἅκ[ρῳ] ἄορι πλάγεις τῷ νήλας Ἆπιν κάκτανε τὸν θέϊον .,Balbilla2,4,"1ad
 2ad",singular,ATR
δοκίμωμι,"ἀλλ’ ἔγω οὐ δοκίμωμι σέθεν τόδ’ ὄ̣λ̣εσθ’ ἂ̣ν ἄγαλμα , ψύχαν δ’ ἀθανάταν λοίπ̣ο̣ν̣ ἔσωσ̣α̣ νόῳ .",Balbilla2,5,"1ad
 2ad",singular,PRED_CO
ἔσωσ̣α̣,"ἀλλ’ ἔγω οὐ δοκίμωμι σέθεν τόδ’ ὄ̣λ̣εσθ’ ἂ̣ν ἄγαλμα , ψύχαν δ’ ἀθανάταν λοίπ̣ο̣ν̣ ἔσωσ̣α̣ νόῳ .",Balbilla2,5,"1ad
 2ad",singular,PRED_CO
ἐγένο̣ντο,"εὐσέβεες γὰρ ἔμοι γένεται πάπποι τ’ ἐγένο̣ντο , Βάλβιλλός τ’ ὀ σόφος κ’ Ἀντίοχος βασίλευς , Βάλβιλλος γενέταις μᾶτρος βασιλήϊδος ἄμμας̣ , τῶ πάτε̣ρος δὲ πάτηρ Ἀντίοχος βασίλευς · [0] [1]",Balbilla2,6,"1ad
 2ad",plural,PRED
λόχον,"κήνων ἐκ γενέας κʼ ἄγω λόχον αἶμα τὸ κᾶλον , Βαλβίλλας δ’ ἔμεθεν γρόπτα τάδ’ εὐσέβεος . [0]",Balbilla2,7,"1ad
 2ad",singular,PRED_CO
ἤκουσε,ὅτε ἤκουσε τοῦ Μέμνο<νο>ς ὁ Σεβαστὸς Ἁδριανός . [0],Balbilla1,2,"1ad
 2ad",singular,ADV
πυνθανόμαν,"Μέμνονα πυνθανόμαν Αἰγύπτιον , ἀλίω αὔγαι αἰθόμενον , φώνην Θηβαΐκω ’ πυ λίθω .",Balbilla1,3,"1ad
 2ad",singular,PRED
εἶπέ,"Ἀδρίανον δ’ ἐσίδων , τὸν παμβασίληα , πρὶν αὔγας ἀελίω χαίρην εἶπέ ϝοι ὠς δύνατον .",Balbilla1,4,"1ad
 2ad",singular,PRED_CO
ἦχε,"Τίταν δ’ ὄττ’ ἐλάων λεύκοισι δι’ αἴθερος ἴπποις ἐ̣ν̣ὶ σκίαι ὠράων δεύτερον ἦχε μέτρον , ὠς χάλκοιο τύπεντ[ο]ς ἴη Μέμνων πάλιν αὔδαν ὀξύτονον .",Balbilla1,5,"1ad
 2ad",singular,PRED_CO
ἴη,χαίρω[ν] [κ]αὶ τρίτον ἆχον ἴη .,Balbilla1,6,"1ad
 2ad",singular,PRED
ἀσπάσσατο,"κοίρανος Ἀδρίανο[ς] [τότ’] [ἄ]λις δ’ ἀσπάσσατο κʼ αὖτος Μέμνονα , κʼ ἀν [στά]λαι κάλ̣λ̣ι[π]εν ὀψ[ι]γόνοις γρόππατα σαμαίνο[ν]τά τ’ ὄσ’ εὔϊδε κʼ ὤσσ’ ἐσάκουσε , δῆλον παῖσι δ’ ἔγε[ν]τ’ ὤς ϝε φίλισι θέοι .",Balbilla1,7,"1ad
 2ad",singular,PRED_CO
κάλ̣λ̣ι[π]εν,"κοίρανος Ἀδρίανο[ς] [τότ’] [ἄ]λις δ’ ἀσπάσσατο κʼ αὖτος Μέμνονα , κʼ ἀν [στά]λαι κάλ̣λ̣ι[π]εν ὀψ[ι]γόνοις γρόππατα σαμαίνο[ν]τά τ’ ὄσ’ εὔϊδε κʼ ὤσσ’ ἐσάκουσε , δῆλον παῖσι δ’ ἔγε[ν]τ’ ὤς ϝε φίλισι θέοι .",Balbilla1,7,"1ad
 2ad",singular,PRED_CO
εὔϊδε,"κοίρανος Ἀδρίανο[ς] [τότ’] [ἄ]λις δ’ ἀσπάσσατο κʼ αὖτος Μέμνονα , κʼ ἀν [στά]λαι κάλ̣λ̣ι[π]εν ὀψ[ι]γόνοις γρόππατα σαμαίνο[ν]τά τ’ ὄσ’ εὔϊδε κʼ ὤσσ’ ἐσάκουσε , δῆλον παῖσι δ’ ἔγε[ν]τ’ ὤς ϝε φίλισι θέοι .",Balbilla1,7,"1ad
 2ad",singular,ADV
ἐσάκουσε,"κοίρανος Ἀδρίανο[ς] [τότ’] [ἄ]λις δ’ ἀσπάσσατο κʼ αὖτος Μέμνονα , κʼ ἀν [στά]λαι κάλ̣λ̣ι[π]εν ὀψ[ι]γόνοις γρόππατα σαμαίνο[ν]τά τ’ ὄσ’ εὔϊδε κʼ ὤσσ’ ἐσάκουσε , δῆλον παῖσι δ’ ἔγε[ν]τ’ ὤς ϝε φίλισι θέοι .",Balbilla1,7,"1ad
 2ad",singular,ADV
ἔγε[ν]τ’,"κοίρανος Ἀδρίανο[ς] [τότ’] [ἄ]λις δ’ ἀσπάσσατο κʼ αὖτος Μέμνονα , κʼ ἀν [στά]λαι κάλ̣λ̣ι[π]εν ὀψ[ι]γόνοις γρόππατα σαμαίνο[ν]τά τ’ ὄσ’ εὔϊδε κʼ ὤσσ’ ἐσάκουσε , δῆλον παῖσι δ’ ἔγε[ν]τ’ ὤς ϝε φίλισι θέοι .",Balbilla1,7,"1ad
 2ad",singular,PRED_CO
φίλισι,"κοίρανος Ἀδρίανο[ς] [τότ’] [ἄ]λις δ’ ἀσπάσσατο κʼ αὖτος Μέμνονα , κʼ ἀν [στά]λαι κάλ̣λ̣ι[π]εν ὀψ[ι]γόνοις γρόππατα σαμαίνο[ν]τά τ’ ὄσ’ εὔϊδε κʼ ὤσσ’ ἐσάκουσε , δῆλον παῖσι δ’ ἔγε[ν]τ’ ὤς ϝε φίλισι θέοι .",Balbilla1,7,"1ad
 2ad",plural,ADV
ἀ|κούσαμεν,ὅτε τῇ πρώτῃ ἡμέρᾳ οὐκ ἀ|κούσαμεν τοῦ Μέμνονος . [0],Balbilla3,1,"1ad
 2ad",plural,ADV
ἀπε[δέξατ’],"χθίσδον μὲν Μέμνων σίγαις ἀπε[δέξατ’] [ἀκ]οίτα[ν(?)] [,] ὠς πάλιν ἀ κάλα τυῖδε Σάβιννα μ̣ό[λοι] [.]",Balbilla3,2,"1ad
 2ad",singular,PRED
τέ̣ρπει,"τέ̣ρπει γάρ σ’ ἐράτα μόρφα βασιλήϊδος ἄμ̣μας , ἐλθοίσαι δ’ [α]ὔ̣ται θήϊον ἄ̣χον ἴη , μὴ καί τοι βασίλευς κοτέ̣σῃ , τό νυ δᾶρον ἀτά[ρβης] τὰν σέμναν κατέ̣χ̣ες κουριδίαν ἄλοχον .",Balbilla3,3,"1ad
 2ad",singular,PRED_CO
κατέ̣χ̣ες,"τέ̣ρπει γάρ σ’ ἐράτα μόρφα βασιλήϊδος ἄμ̣μας , ἐλθοίσαι δ’ [α]ὔ̣ται θήϊον ἄ̣χον ἴη , μὴ καί τοι βασίλευς κοτέ̣σῃ , τό νυ δᾶρον ἀτά[ρβης] τὰν σέμναν κατέ̣χ̣ες κουριδίαν ἄλοχον .",Balbilla3,3,"1ad
 2ad",singular,PRED_CO
αὔδασ’,"κʼ ὠ Μέμνων τρέσσαις μεγάλω μένος Ἀδρι[άνοιο] ἐξαπίνας αὔδασ’ , ἀ δ’ ὀΐοισ’ ἐχάρη .",Balbilla3,4,"1ad
 2ad",singular,PRED_CO
ἐχάρη,"κʼ ὠ Μέμνων τρέσσαις μεγάλω μένος Ἀδρι[άνοιο] ἐξαπίνας αὔδασ’ , ἀ δ’ ὀΐοισ’ ἐχάρη .",Balbilla3,4,"1ad
 2ad",singular,PRED_CO
ἔκλυον,ἔκλυον αὐδήσαντος ἔγω ’ πυ λίθω Βάλβιλλα τᾶς θεΐας Μέμνονος ἢ Φαμένωθ . [0],Balbilla4,1,"1ad
 2ad",plural,PRED
ἦλθον,"ἦλθον ὔμοι δ’ ἐράται βασιλήϊδι τυῖδε Σαβίννᾳ , ὤρας δὲ πρώτας ἄλιος ἦχε δρόμο<ι>ς .",Balbilla4,2,"1ad
 2ad",singular,PRED_CO
ἦχε,"ἦλθον ὔμοι δ’ ἐράται βασιλήϊδι τυῖδε Σαβίννᾳ , ὤρας δὲ πρώτας ἄλιος ἦχε δρόμο<ι>ς .",Balbilla4,2,"1ad
 2ad",singular,PRED_CO
ἔχεσκεν,"κοιράνω{ι} Ἀδριάνω πέμπτῳ δεκότῳ δ’ ἐ|νιαύτῳ , <φῶτ>α δ’ ἔχεσκεν Ἄθυρ εἴκοσι καὶ πέσυρα . [0]",Balbilla4,3,"1ad
 2ad",singular,PRED
Balbilla-verb-participle: http://127.0.0.1:9999/search/word.html?text_corpus=literature_verse&text_author=Balbilla&word_pos=Verb&start=0&word_mood=participle,,,,,,
θάσσων,"Αὔως καὶ γεράρω , Μέμνον , πάϊ Τιθώνοιο , Θηβάας θάσσων ἄντα Δίος πόλιος , ἢ Ἀμένωθ , βασίλευ Αἰγύπτιε , τὼς ἐνέποισιν ἴρηες μύθων τῶν παλάων ἴδριες , χαῖρε , καὶ αὐδάσαις πρόφρων ἀσπάσ̣δ̣ε[ο] [κ]αὔτ[αν] τὰν σέμναν ἄλοχον κοιράνω Ἀδριάνω .",Balbilla2,2,"1ad
 2ad",singular,ATR
αὐδάσαις,"Αὔως καὶ γεράρω , Μέμνον , πάϊ Τιθώνοιο , Θηβάας θάσσων ἄντα Δίος πόλιος , ἢ Ἀμένωθ , βασίλευ Αἰγύπτιε , τὼς ἐνέποισιν ἴρηες μύθων τῶν παλάων ἴδριες , χαῖρε , καὶ αὐδάσαις πρόφρων ἀσπάσ̣δ̣ε[ο] [κ]αὔτ[αν] τὰν σέμναν ἄλοχον κοιράνω Ἀδριάνω .",Balbilla2,2,"1ad
 2ad",singular,ADV
πλάγεις,τῶ ῥα λύγρῳ θαν̣άτῳ δῶκέν τοι ποίναν τʼ ὤτωι ἅκ[ρῳ] ἄορι πλάγεις τῷ νήλας Ἆπιν κάκτανε τὸν θέϊον .,Balbilla2,4,"1ad
 2ad",singular,ADV
αἰθόμενον,"Μέμνονα πυνθανόμαν Αἰγύπτιον , ἀλίω αὔγαι αἰθόμενον , φώνην Θηβαΐκω ’ πυ λίθω .",Balbilla1,3,"1ad
 2ad",singular,ATR
ἐσίδων,"Ἀδρίανον δ’ ἐσίδων , τὸν παμβασίληα , πρὶν αὔγας ἀελίω χαίρην εἶπέ ϝοι ὠς δύνατον .",Balbilla1,4,"1ad
 2ad",singular,ADV
ἐλάων,"Τίταν δ’ ὄττ’ ἐλάων λεύκοισι δι’ αἴθερος ἴπποις ἐ̣ν̣ὶ σκίαι ὠράων δεύτερον ἦχε μέτρον , ὠς χάλκοιο τύπεντ[ο]ς ἴη Μέμνων πάλιν αὔδαν ὀξύτονον .",Balbilla1,5,"1ad
 2ad",singular,ADV
τύπεντ[ο]ς,"Τίταν δ’ ὄττ’ ἐλάων λεύκοισι δι’ αἴθερος ἴπποις ἐ̣ν̣ὶ σκίαι ὠράων δεύτερον ἦχε μέτρον , ὠς χάλκοιο τύπεντ[ο]ς ἴη Μέμνων πάλιν αὔδαν ὀξύτονον .",Balbilla1,5,"1ad
 2ad",singular,ADV
χαίρω[ν],χαίρω[ν] [κ]αὶ τρίτον ἆχον ἴη .,Balbilla1,6,"1ad
 2ad",singular,ADV
σαμαίνο[ν]τά,"κοίρανος Ἀδρίανο[ς] [τότ’] [ἄ]λις δ’ ἀσπάσσατο κʼ αὖτος Μέμνονα , κʼ ἀν [στά]λαι κάλ̣λ̣ι[π]εν ὀψ[ι]γόνοις γρόππατα σαμαίνο[ν]τά τ’ ὄσ’ εὔϊδε κʼ ὤσσ’ ἐσάκουσε , δῆλον παῖσι δ’ ἔγε[ν]τ’ ὤς ϝε φίλισι θέοι .",Balbilla1,7,"1ad
 2ad",plural,ATR
σίγαις,"χθίσδον μὲν Μέμνων σίγαις ἀπε[δέξατ’] [ἀκ]οίτα[ν(?)] [,] ὠς πάλιν ἀ κάλα τυῖδε Σάβιννα μ̣ό[λοι] [.]",Balbilla3,2,"1ad
 2ad",singular,ADV
ἐλθοίσαι,"τέ̣ρπει γάρ σ’ ἐράτα μόρφα βασιλήϊδος ἄμ̣μας , ἐλθοίσαι δ’ [α]ὔ̣ται θήϊον ἄ̣χον ἴη , μὴ καί τοι βασίλευς κοτέ̣σῃ , τό νυ δᾶρον ἀτά[ρβης] τὰν σέμναν κατέ̣χ̣ες κουριδίαν ἄλοχον .",Balbilla3,3,"1ad
 2ad",singular,ATR
τρέσσαις,"κʼ ὠ Μέμνων τρέσσαις μεγάλω μένος Ἀδρι[άνοιο] ἐξαπίνας αὔδασ’ , ἀ δ’ ὀΐοισ’ ἐχάρη .",Balbilla3,4,"1ad
 2ad",singular,ATR
ὀΐοισ’,"κʼ ὠ Μέμνων τρέσσαις μεγάλω μένος Ἀδρι[άνοιο] ἐξαπίνας αὔδασ’ , ἀ δ’ ὀΐοισ’ ἐχάρη .",Balbilla3,4,"1ad
 2ad",singular,ADV
αὐδήσαντος,ἔκλυον αὐδήσαντος ἔγω ’ πυ λίθω Βάλβιλλα τᾶς θεΐας Μέμνονος ἢ Φαμένωθ . [0],Balbilla4,1,"1ad
 2ad",singular,ADV
Balbilla-verb-infinitive: http://127.0.0.1:9999/search/word.html?text_corpus=literature_verse&text_author=Balbilla&word_pos=Verb&start=0&word_mood=infinitive,,,,,,
ὄ̣λ̣εσθ’,"ἀλλ’ ἔγω οὐ δοκίμωμι σέθεν τόδ’ ὄ̣λ̣εσθ’ ἂ̣ν ἄγαλμα , ψύχαν δ’ ἀθανάταν λοίπ̣ο̣ν̣ ἔσωσ̣α̣ νόῳ .",Balbilla2,5,"1ad
 2ad",,OBJ
φώνην,"Μέμνονα πυνθανόμαν Αἰγύπτιον , ἀλίω αὔγαι αἰθόμενον , φώνην Θηβαΐκω ’ πυ λίθω .",Balbilla1,3,"1ad
 2ad",,OBJ
χαίρην,"Ἀδρίανον δ’ ἐσίδων , τὸν παμβασίληα , πρὶν αὔγας ἀελίω χαίρην εἶπέ ϝοι ὠς δύνατον .",Balbilla1,4,"1ad
 2ad",,ADV
Balbilla-verb-imperative: http://127.0.0.1:9999/search/word.html?text_corpus=literature_verse&text_author=Balbilla&word_pos=Verb&start=0&word_mood=imperative,,,,,,
χαῖρε,"Αὔως καὶ γεράρω , Μέμνον , πάϊ Τιθώνοιο , Θηβάας θάσσων ἄντα Δίος πόλιος , ἢ Ἀμένωθ , βασίλευ Αἰγύπτιε , τὼς ἐνέποισιν ἴρηες μύθων τῶν παλάων ἴδριες , χαῖρε , καὶ αὐδάσαις πρόφρων ἀσπάσ̣δ̣ε[ο] [κ]αὔτ[αν] τὰν σέμναν ἄλοχον κοιράνω Ἀδριάνω .",Balbilla2,2,"1ad
 2ad",singular,PRED_CO
ἀσπάσ̣δ̣ε[ο],"Αὔως καὶ γεράρω , Μέμνον , πάϊ Τιθώνοιο , Θηβάας θάσσων ἄντα Δίος πόλιος , ἢ Ἀμένωθ , βασίλευ Αἰγύπτιε , τὼς ἐνέποισιν ἴρηες μύθων τῶν παλάων ἴδριες , χαῖρε , καὶ αὐδάσαις πρόφρων ἀσπάσ̣δ̣ε[ο] [κ]αὔτ[αν] τὰν σέμναν ἄλοχον κοιράνω Ἀδριάνω .",Balbilla2,2,"1ad
 2ad",singular,PRED_CO
ἴη,"τέ̣ρπει γάρ σ’ ἐράτα μόρφα βασιλήϊδος ἄμ̣μας , ἐλθοίσαι δ’ [α]ὔ̣ται θήϊον ἄ̣χον ἴη , μὴ καί τοι βασίλευς κοτέ̣σῃ , τό νυ δᾶρον ἀτά[ρβης] τὰν σέμναν κατέ̣χ̣ες κουριδίαν ἄλοχον .",Balbilla3,3,"1ad
 2ad",singular,PRED_CO
Balbilla-verb-optative: http://127.0.0.1:9999/search/word.html?text_corpus=literature_verse&text_author=Balbilla&word_pos=Verb&start=0&word_mood=optative,,,,,,
μ̣ό[λοι],"χθίσδον μὲν Μέμνων σίγαις ἀπε[δέξατ’] [ἀκ]οίτα[ν(?)] [,] ὠς πάλιν ἀ κάλα τυῖδε Σάβιννα μ̣ό[λοι] [.]",Balbilla3,2,"1ad
 2ad",singular,ADV
Balbilla-verb-subjunctive: http://127.0.0.1:9999/search/word.html?text_corpus=literature_verse&text_author=Balbilla&word_pos=Verb&start=0&word_mood=subjunctive,,,,,,
κοτέ̣σῃ,"τέ̣ρπει γάρ σ’ ἐράτα μόρφα βασιλήϊδος ἄμ̣μας , ἐλθοίσαι δ’ [α]ὔ̣ται θήϊον ἄ̣χον ἴη , μὴ καί τοι βασίλευς κοτέ̣σῃ , τό νυ δᾶρον ἀτά[ρβης] τὰν σέμναν κατέ̣χ̣ες κουριδίαν ἄλοχον .",Balbilla3,3,"1ad
 2ad",singular,ADV
Sappho-verbs-indicative: http://127.0.0.1:9999/search/word.html?text_corpus=literature_verse&text_author=Sappho&word_pos=Verb&start=0&word_mood=indicative,,,,,,
λίσσομαί,"ποικιλόθρον’ ἀθανάτ’ Ἀφρόδιτα , παῖ Δίος δολόπλοκε , λίσσομαί σε , μή μ’ ἄσαισι μη -δ’ ὀνίαισι δάμνα , πότνια , θῦμον , ἀλλὰ τυίδ’ ἔλθ’ , αἴ ποτα κα- κἀτέρωτα τὰς ἔμας αὔδας ἀίοισα πήλοι ἔκλυες , πάτρος δὲ δόμον λίποισα χρύσιον ἦλθες ἄρμ’ ὐπασδεύξαισα ·",Sappho,1,"7bc
 6bc",singular,ExD
ἔκλυες,"ποικιλόθρον’ ἀθανάτ’ Ἀφρόδιτα , παῖ Δίος δολόπλοκε , λίσσομαί σε , μή μ’ ἄσαισι μη -δ’ ὀνίαισι δάμνα , πότνια , θῦμον , ἀλλὰ τυίδ’ ἔλθ’ , αἴ ποτα κα- κἀτέρωτα τὰς ἔμας αὔδας ἀίοισα πήλοι ἔκλυες , πάτρος δὲ δόμον λίποισα χρύσιον ἦλθες ἄρμ’ ὐπασδεύξαισα ·",Sappho,1,"7bc
 6bc",singular,ADV_CO
ἦλθες,"ποικιλόθρον’ ἀθανάτ’ Ἀφρόδιτα , παῖ Δίος δολόπλοκε , λίσσομαί σε , μή μ’ ἄσαισι μη -δ’ ὀνίαισι δάμνα , πότνια , θῦμον , ἀλλὰ τυίδ’ ἔλθ’ , αἴ ποτα κα- κἀτέρωτα τὰς ἔμας αὔδας ἀίοισα πήλοι ἔκλυες , πάτρος δὲ δόμον λίποισα χρύσιον ἦλθες ἄρμ’ ὐπασδεύξαισα ·",Sappho,1,"7bc
 6bc",singular,ADV_CO
ἆγον,κάλοι δέ σ’ ἆγον ὤκεες στροῦθοι περὶ γᾶς μελαίνας πύκνα δίννεντες πτέρ’ ἀπ’ ὠρανω- ὠράνωἴθερος διὰ μέσσω ·,Sappho,2,"7bc
 6bc",plural,PRED
ἐξίκοντο,αἶψα δ’ ἐξίκοντο ·,Sappho,3,"7bc
 6bc",plural,PRED
ἤρε’,"σὺ δ’ , ὦ μάκαιρα , μειδιαίσαισ’ ἀθανάτωι προσώπωι ἤρε’ ὄττι δη- δηὖτε πέπονθα κα- κὤττι δη- δηὖτε κάλημμι κα- κὤττι μοι μάλιστα θέλω γένεσθαι μαινόλαι θύμωι ·",Sappho,4,"7bc
 6bc",singular,PRED
πέπονθα,"σὺ δ’ , ὦ μάκαιρα , μειδιαίσαισ’ ἀθανάτωι προσώπωι ἤρε’ ὄττι δη- δηὖτε πέπονθα κα- κὤττι δη- δηὖτε κάλημμι κα- κὤττι μοι μάλιστα θέλω γένεσθαι μαινόλαι θύμωι ·",Sappho,4,"7bc
 6bc",singular,OBJ_CO
κάλημμι,"σὺ δ’ , ὦ μάκαιρα , μειδιαίσαισ’ ἀθανάτωι προσώπωι ἤρε’ ὄττι δη- δηὖτε πέπονθα κα- κὤττι δη- δηὖτε κάλημμι κα- κὤττι μοι μάλιστα θέλω γένεσθαι μαινόλαι θύμωι ·",Sappho,4,"7bc
 6bc",singular,OBJ_CO
θέλω,"σὺ δ’ , ὦ μάκαιρα , μειδιαίσαισ’ ἀθανάτωι προσώπωι ἤρε’ ὄττι δη- δηὖτε πέπονθα κα- κὤττι δη- δηὖτε κάλημμι κα- κὤττι μοι μάλιστα θέλω γένεσθαι μαινόλαι θύμωι ·",Sappho,4,"7bc
 6bc",singular,OBJ_CO
ἀδικήει,"τίς σ’ , ὦ Ψάπφ’ , ἀδικήει ;",Sappho,6,"7bc
 6bc",singular,PRED
διώξει,"καὶ γὰρ αἰ φεύγει , ταχέως διώξει , αἰ δὲ δῶρα μὴ δέκετ’ , ἀλλὰ δώσει , αἰ δὲ μὴ φίλει , ταχέως φιλήσει κα- κωὐκ ἐθέλοισα .",Sappho,7,"7bc
 6bc",singular,PRED_CO
φεύγει,"καὶ γὰρ αἰ φεύγει , ταχέως διώξει , αἰ δὲ δῶρα μὴ δέκετ’ , ἀλλὰ δώσει , αἰ δὲ μὴ φίλει , ταχέως φιλήσει κα- κωὐκ ἐθέλοισα .",Sappho,7,"7bc
 6bc",singular,ADV
δώσει,"καὶ γὰρ αἰ φεύγει , ταχέως διώξει , αἰ δὲ δῶρα μὴ δέκετ’ , ἀλλὰ δώσει , αἰ δὲ μὴ φίλει , ταχέως φιλήσει κα- κωὐκ ἐθέλοισα .",Sappho,7,"7bc
 6bc",singular,PRED_CO
δέκετ’,"καὶ γὰρ αἰ φεύγει , ταχέως διώξει , αἰ δὲ δῶρα μὴ δέκετ’ , ἀλλὰ δώσει , αἰ δὲ μὴ φίλει , ταχέως φιλήσει κα- κωὐκ ἐθέλοισα .",Sappho,7,"7bc
 6bc",singular,ADV
φιλήσει,"καὶ γὰρ αἰ φεύγει , ταχέως διώξει , αἰ δὲ δῶρα μὴ δέκετ’ , ἀλλὰ δώσει , αἰ δὲ μὴ φίλει , ταχέως φιλήσει κα- κωὐκ ἐθέλοισα .",Sappho,7,"7bc
 6bc",singular,PRED_CO
φίλει,"καὶ γὰρ αἰ φεύγει , ταχέως διώξει , αἰ δὲ δῶρα μὴ δέκετ’ , ἀλλὰ δώσει , αἰ δὲ μὴ φίλει , ταχέως φιλήσει κα- κωὐκ ἐθέλοισα .",Sappho,7,"7bc
 6bc",singular,ADV
ἰμέρρει,"ἔλθε μοι καὶ νῦν , χαλέπαν δὲ λῦσον ἐκ μερίμναν , ὄσσα δέ μοι τέλεσσαι θῦμος ἰμέρρει , τέλεσον , σὺ δ’ αὔτα σύμμαχος ἔσσο .",Sappho,8,"7bc
 6bc",singular,OBJ
ἔνι,"E E Gρανοθεν κατιουσδευρύ μ’ ἐκ Κρήτας ἐπὶ τόνδε ναῦον ἄγνον ὄππαι τοι χάριεν μὲν ἄλσος μαλίαν , βῶμοι δ’ ἔνι θυμιάμενοι λιβανώτωι ·",Sappho,9,"7bc
 6bc",plural,ATR_CO
κελάδει,"ἐν δ’ ὔδωρ ψῦχρον κελάδει δι’ ὔσδων μαλίνων , βρόδοισι δὲ παῖς ὀ χῶρος ἐσκίαστ’ , αἰθυσσομένων δὲ φύλλων κῶμα καταίρει ·",Sappho,10,"7bc
 6bc",singular,PRED_CO
ἐσκίαστ’,"ἐν δ’ ὔδωρ ψῦχρον κελάδει δι’ ὔσδων μαλίνων , βρόδοισι δὲ παῖς ὀ χῶρος ἐσκίαστ’ , αἰθυσσομένων δὲ φύλλων κῶμα καταίρει ·",Sappho,10,"7bc
 6bc",singular,PRED_CO
καταίρει,"ἐν δ’ ὔδωρ ψῦχρον κελάδει δι’ ὔσδων μαλίνων , βρόδοισι δὲ παῖς ὀ χῶρος ἐσκίαστ’ , αἰθυσσομένων δὲ φύλλων κῶμα καταίρει ·",Sappho,10,"7bc
 6bc",singular,PRED_CO
τέθαλε,"ἐν δὲ λείμων ἰππόβοτος τέθαλε ἠρίνοισιν ἄνθεσιν , αἰ δ’ ἄηται μέλλιχα πνέοισιν ⏑–⏑–⏑x –⏑⏑–x .",Sappho,11,"7bc
 6bc",singular,PRED_CO
πνέοισιν,"ἐν δὲ λείμων ἰππόβοτος τέθαλε ἠρίνοισιν ἄνθεσιν , αἰ δ’ ἄηται μέλλιχα πνέοισιν ⏑–⏑–⏑x –⏑⏑–x .",Sappho,11,"7bc
 6bc",plural,PRED_CO
διάκηται,"τὸ γὰρ GG? G?μον οὐκ οὔτω μG? G? διάκηται , G?μηδG?Gαζε , G? G?χις , συνίημG? G?Gης κακότατος G?μεν G?ν ἀτέραις μεG? G?η φρένας , εὔG? G?ατοις μακαG? G? G?αG?",Sappho,15,"7bc
 6bc",singular,PRED
δύναμαι,"G?θε θῦμον G?μι πάμπαν δύναμαι , ἃς κεν ἦι μοι G?σαντιλάμπην G?λον πρόσωπον .",Sappho,16,"7bc
 6bc",singular,PRED_CO
ἄμβροτε,"Κύπρι καὶ Νηρήιδες ἀβλάβην μοι τὸν κασίγνητον δότε τυίδ’ ἴκεσθαι κα- κὤσσα ϝοι θύμωι κε θέληι γένεσθαι πάντα τελέσθην , ὄσσα δὲ πρόσθ’ ἄμβροτε πάντα λῦσαι καὶ φίλοισι ϝοῖσι χάραν γένεσθαι νῦν πόνον τ’ ἔχθροισι , γένοιτο δ’ ἄμμι μήκετι μη -δ’ εἴς ·",Sappho,18,"7bc
 6bc",singular,ATR
ἐδάμνα,"τὰν κασιγνήταν δὲ θέλοι πόησθαι ἔμμορον τίμας , ὀνίαν δὲ λύγραν ἐκλύοιτ’ , ὄτοισι πάροιθ’ ἀχεύων τω- τὦμον ἐδάμνα κῆρ ὀνείδισμ’ εἰσαΐων τὸ κέγχρω G?λεπαγG3αι πολίταν G?λλωσG3νηκε δ’ αὖτ’ οὐ G?κρωG? G?οναικG?εοG?Gι G?G2Gν ·",Sappho,19,"7bc
 6bc",singular,ADV
ἦλθε,Κύπρι καί σε πικροτGαν ἐπεύροι μη -δὲ καυχάσαιτο τόδ’ ἐννέποισα Δωρίχα τὸ δεύτερον ὠς πόθεννον εἰς ἔρον ἦλθε .,Sappho,23,"7bc
 6bc",singular,APOS
φαῖσ’,"E E E οἰ μὲν ἰππήων στρότον οἰ δὲ πέσδων οἰ δὲ νάων φαῖσ’ ἐπὶ γᾶν μέλαιναν ἔμμεναι κάλλιστον , ἔγω δὲ κῆν’ ὄττω τις ἔραται ·",Sappho,24,"7bc
 6bc",plural,PRED_CO
ἔραται,"E E E οἰ μὲν ἰππήων στρότον οἰ δὲ πέσδων οἰ δὲ νάων φαῖσ’ ἐπὶ γᾶν μέλαιναν ἔμμεναι κάλλιστον , ἔγω δὲ κῆν’ ὄττω τις ἔραται ·",Sappho,24,"7bc
 6bc",singular,ATR
ἔβα,"E πάγχυ δ’ εὔμαρες σύνετον πόησαι πάντι τοῦτ’ , ἀ γὰρ πόλυ περσκέθοισα κάλλος ἀνθρώπων Ἐλένα τὸν ἄνδρα τὸν πανάριστον καλλίποισ’ ἔβα ’ς Τροΐαν πλέοισα κα- κωὐ -δὲ παῖδος οὐ -δὲ φίλων τοκήων πάμπαν ἐμνάσθη , ἀλλὰ παράγαγ’ αὔταν Κύπρις ἔραισαν .",Sappho,25,"7bc
 6bc",singular,PRED_CO
ἐμνάσθη,"E πάγχυ δ’ εὔμαρες σύνετον πόησαι πάντι τοῦτ’ , ἀ γὰρ πόλυ περσκέθοισα κάλλος ἀνθρώπων Ἐλένα τὸν ἄνδρα τὸν πανάριστον καλλίποισ’ ἔβα ’ς Τροΐαν πλέοισα κα- κωὐ -δὲ παῖδος οὐ -δὲ φίλων τοκήων πάμπαν ἐμνάσθη , ἀλλὰ παράγαγ’ αὔταν Κύπρις ἔραισαν .",Sappho,25,"7bc
 6bc",singular,PRED_CO
παράγαγ’,"E πάγχυ δ’ εὔμαρες σύνετον πόησαι πάντι τοῦτ’ , ἀ γὰρ πόλυ περσκέθοισα κάλλος ἀνθρώπων Ἐλένα τὸν ἄνδρα τὸν πανάριστον καλλίποισ’ ἔβα ’ς Τροΐαν πλέοισα κα- κωὐ -δὲ παῖδος οὐ -δὲ φίλων τοκήων πάμπαν ἐμνάσθη , ἀλλὰ παράγαγ’ αὔταν Κύπρις ἔραισαν .",Sappho,25,"7bc
 6bc",singular,PRED_CO
ὀνέμναισ’,"G?αμπτον γὰρ G? G?G3κούφως τG?οηGGν κα- κἄμε νῦν Ἀνακτορίας ὀνέμναισ’ οὐ παρεοίσας , τᾶς κε βολλοίμαν ἔρατόν τε βᾶμα κα- κἀμάρυχμα λάμπρον ἴδην προσώπω ἢ τὰ Λύδων ἄρματα κα- κἀν ὄπλοισι πεσδομάχεντας .",Sappho,26,"7bc
 6bc",singular,PRED_CO
ἐδύναντο,ἐκτελέσσαντες μG? πρῶτα μὲν περιGG? τυίδ’ ἀπορμάθεντες οὐκ ἐδύναντο πρὶν σὲ καὶ Δί’ ἀντG? καὶ Θυώνας ἰμεG? νῦν δὲ κG? κὰτ τὸ πάλαιον ἄγνα καὶ καG? παρθενG? ἀμφιGG? G? G? GGGνιλG? ἔμμεναG? GραπικεG?,Sappho,29,"7bc
 6bc",plural,PRED
ἀμφιβάσκει,"G? G?GεπαβολησG? G?ανδ’ ὄλοφυνG4εG G? τρομέροις πGG2αλλα G? G? χρόα γῆρας ἤδη G?ν ἀμφιβάσκει G?ς πέταται διώκων G? G?τας ἀγαύας G?εα , λάβοισα G? ἄεισον ἄμμι τὰν ἰόκολπον .",Sappho,31,"7bc
 6bc",singular,ExD
πέταται,"G? G?GεπαβολησG? G?ανδ’ ὄλοφυνG4εG G? τρομέροις πGG2αλλα G? G? χρόα γῆρας ἤδη G?ν ἀμφιβάσκει G?ς πέταται διώκων G? G?τας ἀγαύας G?εα , λάβοισα G? ἄεισον ἄμμι τὰν ἰόκολπον .",Sappho,31,"7bc
 6bc",singular,ExD
πλάναται,G? G?ρων μάλιστα G?ας πλάναται,Sappho,32,"7bc
 6bc",singular,PRED
ἀμφιπόταται,"G?βλαGG? G?εργον , G2λ’αG2G? G?ν ῥέθος δοκιμG? G?ησθαι G?ν ἀυάδην χGG? G? δὲ μή , χείμωνG? G?GοισαναλγεαGG? G?δε GGεGG4GG3κέλομαι σGG? G2GγυλαGG3ανθι λάβοισα GαGG? G2κτιν , ἆσGσε δη- δηὖτε πόθος τGG? ἀμφιπόταται τὰν κάλαν ·",Sappho,33,"7bc
 6bc",singular,ExD
ἐπτόαισ’,"ἀ γὰρ κατάγωγις αὔτα ἐπτόαισ’ ἴδοισαν , ἔγω δὲ χαίρω , καὶ γὰρ αὔτα δήποτ’ ἐμεμφG? ΚυπρογενηαG? ὠς ἄραμαι τοῦτο τῶG? G?βόλλομαι",Sappho,34,"7bc
 6bc",singular,PRED_CO
χαίρω,"ἀ γὰρ κατάγωγις αὔτα ἐπτόαισ’ ἴδοισαν , ἔγω δὲ χαίρω , καὶ γὰρ αὔτα δήποτ’ ἐμεμφG? ΚυπρογενηαG? ὠς ἄραμαι τοῦτο τῶG? G?βόλλομαι",Sappho,34,"7bc
 6bc",singular,PRED_CO
ἄραμαι,"ἀ γὰρ κατάγωγις αὔτα ἐπτόαισ’ ἴδοισαν , ἔγω δὲ χαίρω , καὶ γὰρ αὔτα δήποτ’ ἐμεμφG? ΚυπρογενηαG? ὠς ἄραμαι τοῦτο τῶG? G?βόλλομαι",Sappho,34,"7bc
 6bc",singular,ExD
σίνονται,"G?θαμέωG? G? ὄττινας γὰρ εὖ θέω , κῆνοί με μάλιστα πάντων G? σίνονται G? ἀλεμάτG? G?GγονωμG? G?Gιμ’ οὐ πρG? G?αι G? σέ , θέλωG? G?τοπάθηG? G?Gαν , ἔγω δ’ ἔμ’ αὔται G? τοῦτο συνοίδα G?GGGτοισG3GG? G?εναμG? G?GGGG?",Sappho,36,"7bc
 6bc",plural,PRED_CO
συνοίδα,"G?θαμέωG? G? ὄττινας γὰρ εὖ θέω , κῆνοί με μάλιστα πάντων G? σίνονται G? ἀλεμάτG? G?GγονωμG? G?Gιμ’ οὐ πρG? G?αι G? σέ , θέλωG? G?τοπάθηG? G?Gαν , ἔγω δ’ ἔμ’ αὔται G? τοῦτο συνοίδα G?GGGτοισG3GG? G?εναμG? G?GGGG?",Sappho,36,"7bc
 6bc",singular,PRED_CO
στείχομεν,στείχομεν γὰρ ἐς γάμον ·,Sappho,40,"7bc
 6bc",plural,PRED
φαίνεταί,"φαίνεταί μοι κῆνος ἴσος θέοισιν ἔμμεν’ ὤνηρ , ὄττις ἐνάντιός τοι ἰσδάνει καὶ πλάσιον ἆδυ φωνείσας ὐπακούει καὶ γελαίσας ἰμέροεν , τό μ’ ἦ μὰν καρδίαν ἐν στήθεσιν ἐπτόαισεν , ὠς γὰρ ἔς σ’ ἴδω βρόχε’ ὤς με φώναισ’ οὐ -δ’ ἒν ἔτ’ εἴκει , ἀλλ’ ἄκαν μὲν γλῶσσα ἔαγε λέπτον δ’ αὔτικα χρῶι πῦρ ὐπαδεδρόμηκεν , ὀππάτεσσι δ’ οὐ -δ’ ἒν ὄρημμ’ , ἐπιρρόμβεισι δ’ ἄκουαι , ἐκ δέ μ’ ἴδρως κακχέεται τρόμος δὲ παῖσαν ἄγρει , χλωροτέρα δὲ ποίας ἔμμι , τεθνάκην δ’ ὀλίγω ’πιδεύης φαίνομ’ ἔμ’ αὔται ·",Sappho,44,"7bc
 6bc",singular,PRED_CO
ἰσδάνει,"φαίνεταί μοι κῆνος ἴσος θέοισιν ἔμμεν’ ὤνηρ , ὄττις ἐνάντιός τοι ἰσδάνει καὶ πλάσιον ἆδυ φωνείσας ὐπακούει καὶ γελαίσας ἰμέροεν , τό μ’ ἦ μὰν καρδίαν ἐν στήθεσιν ἐπτόαισεν , ὠς γὰρ ἔς σ’ ἴδω βρόχε’ ὤς με φώναισ’ οὐ -δ’ ἒν ἔτ’ εἴκει , ἀλλ’ ἄκαν μὲν γλῶσσα ἔαγε λέπτον δ’ αὔτικα χρῶι πῦρ ὐπαδεδρόμηκεν , ὀππάτεσσι δ’ οὐ -δ’ ἒν ὄρημμ’ , ἐπιρρόμβεισι δ’ ἄκουαι , ἐκ δέ μ’ ἴδρως κακχέεται τρόμος δὲ παῖσαν ἄγρει , χλωροτέρα δὲ ποίας ἔμμι , τεθνάκην δ’ ὀλίγω ’πιδεύης φαίνομ’ ἔμ’ αὔται ·",Sappho,44,"7bc
 6bc",singular,ATR_CO
ὐπακούει,"φαίνεταί μοι κῆνος ἴσος θέοισιν ἔμμεν’ ὤνηρ , ὄττις ἐνάντιός τοι ἰσδάνει καὶ πλάσιον ἆδυ φωνείσας ὐπακούει καὶ γελαίσας ἰμέροεν , τό μ’ ἦ μὰν καρδίαν ἐν στήθεσιν ἐπτόαισεν , ὠς γὰρ ἔς σ’ ἴδω βρόχε’ ὤς με φώναισ’ οὐ -δ’ ἒν ἔτ’ εἴκει , ἀλλ’ ἄκαν μὲν γλῶσσα ἔαγε λέπτον δ’ αὔτικα χρῶι πῦρ ὐπαδεδρόμηκεν , ὀππάτεσσι δ’ οὐ -δ’ ἒν ὄρημμ’ , ἐπιρρόμβεισι δ’ ἄκουαι , ἐκ δέ μ’ ἴδρως κακχέεται τρόμος δὲ παῖσαν ἄγρει , χλωροτέρα δὲ ποίας ἔμμι , τεθνάκην δ’ ὀλίγω ’πιδεύης φαίνομ’ ἔμ’ αὔται ·",Sappho,44,"7bc
 6bc",singular,ATR_CO
ἐπτόαισεν,"φαίνεταί μοι κῆνος ἴσος θέοισιν ἔμμεν’ ὤνηρ , ὄττις ἐνάντιός τοι ἰσδάνει καὶ πλάσιον ἆδυ φωνείσας ὐπακούει καὶ γελαίσας ἰμέροεν , τό μ’ ἦ μὰν καρδίαν ἐν στήθεσιν ἐπτόαισεν , ὠς γὰρ ἔς σ’ ἴδω βρόχε’ ὤς με φώναισ’ οὐ -δ’ ἒν ἔτ’ εἴκει , ἀλλ’ ἄκαν μὲν γλῶσσα ἔαγε λέπτον δ’ αὔτικα χρῶι πῦρ ὐπαδεδρόμηκεν , ὀππάτεσσι δ’ οὐ -δ’ ἒν ὄρημμ’ , ἐπιρρόμβεισι δ’ ἄκουαι , ἐκ δέ μ’ ἴδρως κακχέεται τρόμος δὲ παῖσαν ἄγρει , χλωροτέρα δὲ ποίας ἔμμι , τεθνάκην δ’ ὀλίγω ’πιδεύης φαίνομ’ ἔμ’ αὔται ·",Sappho,44,"7bc
 6bc",singular,PRED_CO
εἴκει,"φαίνεταί μοι κῆνος ἴσος θέοισιν ἔμμεν’ ὤνηρ , ὄττις ἐνάντιός τοι ἰσδάνει καὶ πλάσιον ἆδυ φωνείσας ὐπακούει καὶ γελαίσας ἰμέροεν , τό μ’ ἦ μὰν καρδίαν ἐν στήθεσιν ἐπτόαισεν , ὠς γὰρ ἔς σ’ ἴδω βρόχε’ ὤς με φώναισ’ οὐ -δ’ ἒν ἔτ’ εἴκει , ἀλλ’ ἄκαν μὲν γλῶσσα ἔαγε λέπτον δ’ αὔτικα χρῶι πῦρ ὐπαδεδρόμηκεν , ὀππάτεσσι δ’ οὐ -δ’ ἒν ὄρημμ’ , ἐπιρρόμβεισι δ’ ἄκουαι , ἐκ δέ μ’ ἴδρως κακχέεται τρόμος δὲ παῖσαν ἄγρει , χλωροτέρα δὲ ποίας ἔμμι , τεθνάκην δ’ ὀλίγω ’πιδεύης φαίνομ’ ἔμ’ αὔται ·",Sappho,44,"7bc
 6bc",singular,ADV_CO
ἔαγε,"φαίνεταί μοι κῆνος ἴσος θέοισιν ἔμμεν’ ὤνηρ , ὄττις ἐνάντιός τοι ἰσδάνει καὶ πλάσιον ἆδυ φωνείσας ὐπακούει καὶ γελαίσας ἰμέροεν , τό μ’ ἦ μὰν καρδίαν ἐν στήθεσιν ἐπτόαισεν , ὠς γὰρ ἔς σ’ ἴδω βρόχε’ ὤς με φώναισ’ οὐ -δ’ ἒν ἔτ’ εἴκει , ἀλλ’ ἄκαν μὲν γλῶσσα ἔαγε λέπτον δ’ αὔτικα χρῶι πῦρ ὐπαδεδρόμηκεν , ὀππάτεσσι δ’ οὐ -δ’ ἒν ὄρημμ’ , ἐπιρρόμβεισι δ’ ἄκουαι , ἐκ δέ μ’ ἴδρως κακχέεται τρόμος δὲ παῖσαν ἄγρει , χλωροτέρα δὲ ποίας ἔμμι , τεθνάκην δ’ ὀλίγω ’πιδεύης φαίνομ’ ἔμ’ αὔται ·",Sappho,44,"7bc
 6bc",singular,ADV_CO
ὐπαδεδρόμηκεν,"φαίνεταί μοι κῆνος ἴσος θέοισιν ἔμμεν’ ὤνηρ , ὄττις ἐνάντιός τοι ἰσδάνει καὶ πλάσιον ἆδυ φωνείσας ὐπακούει καὶ γελαίσας ἰμέροεν , τό μ’ ἦ μὰν καρδίαν ἐν στήθεσιν ἐπτόαισεν , ὠς γὰρ ἔς σ’ ἴδω βρόχε’ ὤς με φώναισ’ οὐ -δ’ ἒν ἔτ’ εἴκει , ἀλλ’ ἄκαν μὲν γλῶσσα ἔαγε λέπτον δ’ αὔτικα χρῶι πῦρ ὐπαδεδρόμηκεν , ὀππάτεσσι δ’ οὐ -δ’ ἒν ὄρημμ’ , ἐπιρρόμβεισι δ’ ἄκουαι , ἐκ δέ μ’ ἴδρως κακχέεται τρόμος δὲ παῖσαν ἄγρει , χλωροτέρα δὲ ποίας ἔμμι , τεθνάκην δ’ ὀλίγω ’πιδεύης φαίνομ’ ἔμ’ αὔται ·",Sappho,44,"7bc
 6bc",singular,ADV_CO
ὀππάτεσσι,"φαίνεταί μοι κῆνος ἴσος θέοισιν ἔμμεν’ ὤνηρ , ὄττις ἐνάντιός τοι ἰσδάνει καὶ πλάσιον ἆδυ φωνείσας ὐπακούει καὶ γελαίσας ἰμέροεν , τό μ’ ἦ μὰν καρδίαν ἐν στήθεσιν ἐπτόαισεν , ὠς γὰρ ἔς σ’ ἴδω βρόχε’ ὤς με φώναισ’ οὐ -δ’ ἒν ἔτ’ εἴκει , ἀλλ’ ἄκαν μὲν γλῶσσα ἔαγε λέπτον δ’ αὔτικα χρῶι πῦρ ὐπαδεδρόμηκεν , ὀππάτεσσι δ’ οὐ -δ’ ἒν ὄρημμ’ , ἐπιρρόμβεισι δ’ ἄκουαι , ἐκ δέ μ’ ἴδρως κακχέεται τρόμος δὲ παῖσαν ἄγρει , χλωροτέρα δὲ ποίας ἔμμι , τεθνάκην δ’ ὀλίγω ’πιδεύης φαίνομ’ ἔμ’ αὔται ·",Sappho,44,"7bc
 6bc",plural,ADV_CO
ἐπιρρόμβεισι,"φαίνεταί μοι κῆνος ἴσος θέοισιν ἔμμεν’ ὤνηρ , ὄττις ἐνάντιός τοι ἰσδάνει καὶ πλάσιον ἆδυ φωνείσας ὐπακούει καὶ γελαίσας ἰμέροεν , τό μ’ ἦ μὰν καρδίαν ἐν στήθεσιν ἐπτόαισεν , ὠς γὰρ ἔς σ’ ἴδω βρόχε’ ὤς με φώναισ’ οὐ -δ’ ἒν ἔτ’ εἴκει , ἀλλ’ ἄκαν μὲν γλῶσσα ἔαγε λέπτον δ’ αὔτικα χρῶι πῦρ ὐπαδεδρόμηκεν , ὀππάτεσσι δ’ οὐ -δ’ ἒν ὄρημμ’ , ἐπιρρόμβεισι δ’ ἄκουαι , ἐκ δέ μ’ ἴδρως κακχέεται τρόμος δὲ παῖσαν ἄγρει , χλωροτέρα δὲ ποίας ἔμμι , τεθνάκην δ’ ὀλίγω ’πιδεύης φαίνομ’ ἔμ’ αὔται ·",Sappho,44,"7bc
 6bc",singular,ADV_CO
κακχέεται,"φαίνεταί μοι κῆνος ἴσος θέοισιν ἔμμεν’ ὤνηρ , ὄττις ἐνάντιός τοι ἰσδάνει καὶ πλάσιον ἆδυ φωνείσας ὐπακούει καὶ γελαίσας ἰμέροεν , τό μ’ ἦ μὰν καρδίαν ἐν στήθεσιν ἐπτόαισεν , ὠς γὰρ ἔς σ’ ἴδω βρόχε’ ὤς με φώναισ’ οὐ -δ’ ἒν ἔτ’ εἴκει , ἀλλ’ ἄκαν μὲν γλῶσσα ἔαγε λέπτον δ’ αὔτικα χρῶι πῦρ ὐπαδεδρόμηκεν , ὀππάτεσσι δ’ οὐ -δ’ ἒν ὄρημμ’ , ἐπιρρόμβεισι δ’ ἄκουαι , ἐκ δέ μ’ ἴδρως κακχέεται τρόμος δὲ παῖσαν ἄγρει , χλωροτέρα δὲ ποίας ἔμμι , τεθνάκην δ’ ὀλίγω ’πιδεύης φαίνομ’ ἔμ’ αὔται ·",Sappho,44,"7bc
 6bc",singular,ADV_CO
ἄγρει,"φαίνεταί μοι κῆνος ἴσος θέοισιν ἔμμεν’ ὤνηρ , ὄττις ἐνάντιός τοι ἰσδάνει καὶ πλάσιον ἆδυ φωνείσας ὐπακούει καὶ γελαίσας ἰμέροεν , τό μ’ ἦ μὰν καρδίαν ἐν στήθεσιν ἐπτόαισεν , ὠς γὰρ ἔς σ’ ἴδω βρόχε’ ὤς με φώναισ’ οὐ -δ’ ἒν ἔτ’ εἴκει , ἀλλ’ ἄκαν μὲν γλῶσσα ἔαγε λέπτον δ’ αὔτικα χρῶι πῦρ ὐπαδεδρόμηκεν , ὀππάτεσσι δ’ οὐ -δ’ ἒν ὄρημμ’ , ἐπιρρόμβεισι δ’ ἄκουαι , ἐκ δέ μ’ ἴδρως κακχέεται τρόμος δὲ παῖσαν ἄγρει , χλωροτέρα δὲ ποίας ἔμμι , τεθνάκην δ’ ὀλίγω ’πιδεύης φαίνομ’ ἔμ’ αὔται ·",Sappho,44,"7bc
 6bc",singular,ADV_CO
ἔμμι,"φαίνεταί μοι κῆνος ἴσος θέοισιν ἔμμεν’ ὤνηρ , ὄττις ἐνάντιός τοι ἰσδάνει καὶ πλάσιον ἆδυ φωνείσας ὐπακούει καὶ γελαίσας ἰμέροεν , τό μ’ ἦ μὰν καρδίαν ἐν στήθεσιν ἐπτόαισεν , ὠς γὰρ ἔς σ’ ἴδω βρόχε’ ὤς με φώναισ’ οὐ -δ’ ἒν ἔτ’ εἴκει , ἀλλ’ ἄκαν μὲν γλῶσσα ἔαγε λέπτον δ’ αὔτικα χρῶι πῦρ ὐπαδεδρόμηκεν , ὀππάτεσσι δ’ οὐ -δ’ ἒν ὄρημμ’ , ἐπιρρόμβεισι δ’ ἄκουαι , ἐκ δέ μ’ ἴδρως κακχέεται τρόμος δὲ παῖσαν ἄγρει , χλωροτέρα δὲ ποίας ἔμμι , τεθνάκην δ’ ὀλίγω ’πιδεύης φαίνομ’ ἔμ’ αὔται ·",Sappho,44,"7bc
 6bc",singular,ADV_CO
φαίνομ’,"φαίνεταί μοι κῆνος ἴσος θέοισιν ἔμμεν’ ὤνηρ , ὄττις ἐνάντιός τοι ἰσδάνει καὶ πλάσιον ἆδυ φωνείσας ὐπακούει καὶ γελαίσας ἰμέροεν , τό μ’ ἦ μὰν καρδίαν ἐν στήθεσιν ἐπτόαισεν , ὠς γὰρ ἔς σ’ ἴδω βρόχε’ ὤς με φώναισ’ οὐ -δ’ ἒν ἔτ’ εἴκει , ἀλλ’ ἄκαν μὲν γλῶσσα ἔαγε λέπτον δ’ αὔτικα χρῶι πῦρ ὐπαδεδρόμηκεν , ὀππάτεσσι δ’ οὐ -δ’ ἒν ὄρημμ’ , ἐπιρρόμβεισι δ’ ἄκουαι , ἐκ δέ μ’ ἴδρως κακχέεται τρόμος δὲ παῖσαν ἄγρει , χλωροτέρα δὲ ποίας ἔμμι , τεθνάκην δ’ ὀλίγω ’πιδεύης φαίνομ’ ἔμ’ αὔται ·",Sappho,44,"7bc
 6bc",singular,ADV_CO
ἐπόησαν,E αἴ με τιμίαν ἐπόησαν ἔργα τὰ σφὰ δοῖσαι,Sappho,46,"7bc
 6bc",plural,SBJ
ἀπυκρύπτοισι,"ἄστερες μὲν ἀμφὶ κάλαν σελάνναν ἂψ ἀπυκρύπτοισι φάεννον εἶδος , ὄπποτα πλήθοισα μάλιστα λάμπηι γᾶν ἐπὶ παῖσαν G15 ἀργυρία",Sappho,48,"7bc
 6bc",plural,PRED
ποθήω,καὶ ποθήω καὶ μάομαι,Sappho,50,"7bc
 6bc",singular,PRED_CO
μάομαι,καὶ ποθήω καὶ μάομαι,Sappho,50,"7bc
 6bc",singular,PRED_CO
ὄπταις,ὄπταις ἄμμε,Sappho,52,"7bc
 6bc",singular,PRED
ἐκάλυπτε,"πόδας δὲ ποίκιλος μάσλης ἐκάλυπτε , Λύδιον κάλον ἔργον .",Sappho,53,"7bc
 6bc",singular,PRED
ἔγεντ’,ταῖσι ψῦχρος μὲν ἔγεντ’ ὀ θῦμος πὰρ δ’ ἴεισι τὰ πτέρα,Sappho,56,"7bc
 6bc",singular,PRED_CO
ἴεισι,ταῖσι ψῦχρος μὲν ἔγεντ’ ὀ θῦμος πὰρ δ’ ἴεισι τὰ πτέρα,Sappho,56,"7bc
 6bc",plural,PRED_CO
κατισδάνει,"E G? G?λεται G?καλος G?G ἄκαλα κλόνει G? κάματος φρένα G?ε κατισδάνει G? ἀλλ’ ἄγιτ’ , ὦ φίλαι , G? , ἄγχι γὰρ ἀμέρα .",Sappho,58,"7bc
 6bc",singular,PRED_CO
ἦλθε,κάρυξ ἦλθε θεG10ελεG3Gθεις Ἴδαος ταδεκαG3φG2Gις τάχυς ἄγγελος,Sappho,61,"7bc
 6bc",singular,PRED
ἄγοισ’,Ἔκτωρ καὶ συνέταιροι ἄγοισ’ ἐλικώπιδα Θήβας ἐξ ἰέρας Πλακίας τ’ ἀGG2–νάω ἄβραν Ἀνδρομάχαν ἐνὶ ναῦσιν ἐπ’ ἄλμυρον πόντον ·,Sappho,64,"7bc
 6bc",plural,PRED
εἶπ’,ὢς εἶπ’ ·,Sappho,66,"7bc
 6bc",singular,PRED
ἀνόρουσε,ὀτραλέως δ’ ἀνόρουσε πάτηρ φίλος ·,Sappho,67,"7bc
 6bc",singular,PRED
ἦλθε,φάμα δ’ ἦλθε κατὰ πτόλιν εὐρύχορον φίλοις .,Sappho,68,"7bc
 6bc",singular,PRED
ἆγον,"αὔτικ’ Ἰλίαδαι σατίναις ὐπ’ ἐυτρόχοις ἆγον αἰμιόνοις , ἐπέβαινε δὲ παῖς ὄχλος γυναίκων τ’ ἄμα παρθενίκαν τG2G2Gσφύρων , χῶρις δ’ αὖ Περάμοιο θυγατρεσG? .",Sappho,69,"7bc
 6bc",plural,PRED_CO
ἐπέβαινε,"αὔτικ’ Ἰλίαδαι σατίναις ὐπ’ ἐυτρόχοις ἆγον αἰμιόνοις , ἐπέβαινε δὲ παῖς ὄχλος γυναίκων τ’ ἄμα παρθενίκαν τG2G2Gσφύρων , χῶρις δ’ αὖ Περάμοιο θυγατρεσG? .",Sappho,69,"7bc
 6bc",singular,PRED_CO
ὔπαγον,"ἴπποις δ’ ἄνδρες ὔπαγον ὐπ’ ἀρματG? πG?ες ἠίθεοι , μεγάλωστι δG? δG?G ἀνίοχοι φG5GG? πG?ξαGοG?",Sappho,70,"7bc
 6bc",plural,PRED
ὄρμαται,"E G? ἴκελοι θέοις G? ἄγνον ἀολλεG? ὄρμαται G?νον ἐς Ἴλιον αὖλος δ’ ἀδυμέλησG?τ’ ὀνεμίγνυτο καὶ ψόφος κροτάλων G?ως δ’ ἄρα πάρθενοι ἄειδον μέλος ἄγνον ἴκανε δ’ ἐς αἴθερα ἄχω θεσπεσία γελG? πάνται δ’ ἦς κὰτ ὄδοG? κράτηρες φίαλαί τ’ ὀG3υεδεG2G2εακGGG? μύρρα καὶ κασία λίβανός τ’ ὀνεμείχνυτο γύναικες δ’ ἐλέλυσδον ὄσαι προγενέστεραι πάντες δ’ ἄνδρες ἐπήρατον ἴαχον ὄρθιον Πάον’ ὀνκαλέοντες ἐκάβολον εὐλύραν , ὔμνην δ’ Ἔκτορα κα- κἀνδρομάχαν θεοεικέλοις .",Sappho,72,"7bc
 6bc",plural,PRED_CO
ὀνεμίγνυτο,"E G? ἴκελοι θέοις G? ἄγνον ἀολλεG? ὄρμαται G?νον ἐς Ἴλιον αὖλος δ’ ἀδυμέλησG?τ’ ὀνεμίγνυτο καὶ ψόφος κροτάλων G?ως δ’ ἄρα πάρθενοι ἄειδον μέλος ἄγνον ἴκανε δ’ ἐς αἴθερα ἄχω θεσπεσία γελG? πάνται δ’ ἦς κὰτ ὄδοG? κράτηρες φίαλαί τ’ ὀG3υεδεG2G2εακGGG? μύρρα καὶ κασία λίβανός τ’ ὀνεμείχνυτο γύναικες δ’ ἐλέλυσδον ὄσαι προγενέστεραι πάντες δ’ ἄνδρες ἐπήρατον ἴαχον ὄρθιον Πάον’ ὀνκαλέοντες ἐκάβολον εὐλύραν , ὔμνην δ’ Ἔκτορα κα- κἀνδρομάχαν θεοεικέλοις .",Sappho,72,"7bc
 6bc",singular,PRED_CO
ἄειδον,"E G? ἴκελοι θέοις G? ἄγνον ἀολλεG? ὄρμαται G?νον ἐς Ἴλιον αὖλος δ’ ἀδυμέλησG?τ’ ὀνεμίγνυτο καὶ ψόφος κροτάλων G?ως δ’ ἄρα πάρθενοι ἄειδον μέλος ἄγνον ἴκανε δ’ ἐς αἴθερα ἄχω θεσπεσία γελG? πάνται δ’ ἦς κὰτ ὄδοG? κράτηρες φίαλαί τ’ ὀG3υεδεG2G2εακGGG? μύρρα καὶ κασία λίβανός τ’ ὀνεμείχνυτο γύναικες δ’ ἐλέλυσδον ὄσαι προγενέστεραι πάντες δ’ ἄνδρες ἐπήρατον ἴαχον ὄρθιον Πάον’ ὀνκαλέοντες ἐκάβολον εὐλύραν , ὔμνην δ’ Ἔκτορα κα- κἀνδρομάχαν θεοεικέλοις .",Sappho,72,"7bc
 6bc",plural,PRED_CO
ἴκανε,"E G? ἴκελοι θέοις G? ἄγνον ἀολλεG? ὄρμαται G?νον ἐς Ἴλιον αὖλος δ’ ἀδυμέλησG?τ’ ὀνεμίγνυτο καὶ ψόφος κροτάλων G?ως δ’ ἄρα πάρθενοι ἄειδον μέλος ἄγνον ἴκανε δ’ ἐς αἴθερα ἄχω θεσπεσία γελG? πάνται δ’ ἦς κὰτ ὄδοG? κράτηρες φίαλαί τ’ ὀG3υεδεG2G2εακGGG? μύρρα καὶ κασία λίβανός τ’ ὀνεμείχνυτο γύναικες δ’ ἐλέλυσδον ὄσαι προγενέστεραι πάντες δ’ ἄνδρες ἐπήρατον ἴαχον ὄρθιον Πάον’ ὀνκαλέοντες ἐκάβολον εὐλύραν , ὔμνην δ’ Ἔκτορα κα- κἀνδρομάχαν θεοεικέλοις .",Sappho,72,"7bc
 6bc",singular,PRED_CO
ἦς,"E G? ἴκελοι θέοις G? ἄγνον ἀολλεG? ὄρμαται G?νον ἐς Ἴλιον αὖλος δ’ ἀδυμέλησG?τ’ ὀνεμίγνυτο καὶ ψόφος κροτάλων G?ως δ’ ἄρα πάρθενοι ἄειδον μέλος ἄγνον ἴκανε δ’ ἐς αἴθερα ἄχω θεσπεσία γελG? πάνται δ’ ἦς κὰτ ὄδοG? κράτηρες φίαλαί τ’ ὀG3υεδεG2G2εακGGG? μύρρα καὶ κασία λίβανός τ’ ὀνεμείχνυτο γύναικες δ’ ἐλέλυσδον ὄσαι προγενέστεραι πάντες δ’ ἄνδρες ἐπήρατον ἴαχον ὄρθιον Πάον’ ὀνκαλέοντες ἐκάβολον εὐλύραν , ὔμνην δ’ Ἔκτορα κα- κἀνδρομάχαν θεοεικέλοις .",Sappho,72,"7bc
 6bc",singular,PRED_CO
ὀνεμείχνυτο,"E G? ἴκελοι θέοις G? ἄγνον ἀολλεG? ὄρμαται G?νον ἐς Ἴλιον αὖλος δ’ ἀδυμέλησG?τ’ ὀνεμίγνυτο καὶ ψόφος κροτάλων G?ως δ’ ἄρα πάρθενοι ἄειδον μέλος ἄγνον ἴκανε δ’ ἐς αἴθερα ἄχω θεσπεσία γελG? πάνται δ’ ἦς κὰτ ὄδοG? κράτηρες φίαλαί τ’ ὀG3υεδεG2G2εακGGG? μύρρα καὶ κασία λίβανός τ’ ὀνεμείχνυτο γύναικες δ’ ἐλέλυσδον ὄσαι προγενέστεραι πάντες δ’ ἄνδρες ἐπήρατον ἴαχον ὄρθιον Πάον’ ὀνκαλέοντες ἐκάβολον εὐλύραν , ὔμνην δ’ Ἔκτορα κα- κἀνδρομάχαν θεοεικέλοις .",Sappho,72,"7bc
 6bc",singular,PRED_CO
ἐλέλυσδον,"E G? ἴκελοι θέοις G? ἄγνον ἀολλεG? ὄρμαται G?νον ἐς Ἴλιον αὖλος δ’ ἀδυμέλησG?τ’ ὀνεμίγνυτο καὶ ψόφος κροτάλων G?ως δ’ ἄρα πάρθενοι ἄειδον μέλος ἄγνον ἴκανε δ’ ἐς αἴθερα ἄχω θεσπεσία γελG? πάνται δ’ ἦς κὰτ ὄδοG? κράτηρες φίαλαί τ’ ὀG3υεδεG2G2εακGGG? μύρρα καὶ κασία λίβανός τ’ ὀνεμείχνυτο γύναικες δ’ ἐλέλυσδον ὄσαι προγενέστεραι πάντες δ’ ἄνδρες ἐπήρατον ἴαχον ὄρθιον Πάον’ ὀνκαλέοντες ἐκάβολον εὐλύραν , ὔμνην δ’ Ἔκτορα κα- κἀνδρομάχαν θεοεικέλοις .",Sappho,72,"7bc
 6bc",plural,PRED_CO
ἴαχον,"E G? ἴκελοι θέοις G? ἄγνον ἀολλεG? ὄρμαται G?νον ἐς Ἴλιον αὖλος δ’ ἀδυμέλησG?τ’ ὀνεμίγνυτο καὶ ψόφος κροτάλων G?ως δ’ ἄρα πάρθενοι ἄειδον μέλος ἄγνον ἴκανε δ’ ἐς αἴθερα ἄχω θεσπεσία γελG? πάνται δ’ ἦς κὰτ ὄδοG? κράτηρες φίαλαί τ’ ὀG3υεδεG2G2εακGGG? μύρρα καὶ κασία λίβανός τ’ ὀνεμείχνυτο γύναικες δ’ ἐλέλυσδον ὄσαι προγενέστεραι πάντες δ’ ἄνδρες ἐπήρατον ἴαχον ὄρθιον Πάον’ ὀνκαλέοντες ἐκάβολον εὐλύραν , ὔμνην δ’ Ἔκτορα κα- κἀνδρομάχαν θεοεικέλοις .",Sappho,72,"7bc
 6bc",plural,PRED_CO
κασπολέω,ἔγω δ’ ἐπὶ μολθάκαν τύλαν κασπολέω μέλεα ·,Sappho,74,"7bc
 6bc",singular,PRED
τύλαγκας,κα- κἂν μὲν τε τύλαγκας ἀσπόλεα † ·,Sappho,75,"7bc
 6bc",singular,PRED
ἐτίναξέ,"Ἔρος δ’ ἐτίναξέ μοι φρένας , ὠς ἄνεμος κὰτ ὄρος δρύσιν ἐμπέτων .",Sappho,76,"7bc
 6bc",singular,PRED
ἦλθες,"ἦλθες , καὶ † ἐπόησας , ἔγω δέ σ’ ἐμαιόμαν , ὂν δ’ ἔψυξας ἔμαν φρένα καιομέναν πόθωι .",Sappho,77,"7bc
 6bc",singular,PRED_CO
ἐπόησας,"ἦλθες , καὶ † ἐπόησας , ἔγω δέ σ’ ἐμαιόμαν , ὂν δ’ ἔψυξας ἔμαν φρένα καιομέναν πόθωι .",Sappho,77,"7bc
 6bc",singular,PRED_CO
ἐμαιόμαν,"ἦλθες , καὶ † ἐπόησας , ἔγω δέ σ’ ἐμαιόμαν , ὂν δ’ ἔψυξας ἔμαν φρένα καιομέναν πόθωι .",Sappho,77,"7bc
 6bc",singular,PRED_CO
ἔψυξας,"ἦλθες , καὶ † ἐπόησας , ἔγω δέ σ’ ἐμαιόμαν , ὂν δ’ ἔψυξας ἔμαν φρένα καιομέναν πόθωι .",Sappho,77,"7bc
 6bc",singular,PRED_CO
ἠράμαν,"ἠράμαν μὲν ἔγω σέθεν , Ἄτθι , πάλαι ποτά σμίκρα μοι πάις ἔμμεν’ ἐφαίνεο κα- κἄχαρις .",Sappho,78,"7bc
 6bc",singular,PRED_CO
ἐφαίνεο,"ἠράμαν μὲν ἔγω σέθεν , Ἄτθι , πάλαι ποτά σμίκρα μοι πάις ἔμμεν’ ἐφαίνεο κα- κἄχαρις .",Sappho,78,"7bc
 6bc",singular,PRED_CO
πέλεται,"ὀ μὲν γὰρ κάλος ὄσσον ἴδην πέλεται κάλος , ὀ δὲ κα- κἄγαθος αὔτικα καὶ κάλος ἔσσεται .",Sappho,79,"7bc
 6bc",singular,PRED_CO
ἔσσεται,"ὀ μὲν γὰρ κάλος ὄσσον ἴδην πέλεται κάλος , ὀ δὲ κα- κἄγαθος αὔτικα καὶ κάλος ἔσσεται .",Sappho,79,"7bc
 6bc",singular,PRED_CO
οἶδ’,οὐκ οἶδ’ ὄττι θέω ·,Sappho,80,"7bc
 6bc",singular,PRED
δοκίμωμ’,ψαύην δ’ οὐ δοκίμωμ’ ὀράνω δυσπαχέα †,Sappho,82,"7bc
 6bc",singular,PRED
κείσηι,κατθάνοισα δὲ κείσηι οὐ -δ’ ἔτι τις μναμοσύνα σέθεν ἔσσετ’ οὐδέποτ’ εἰς ὔστερον ·,Sappho,85,"7bc
 6bc",singular,PRED_CO
ἔσσετ’,κατθάνοισα δὲ κείσηι οὐ -δ’ ἔτι τις μναμοσύνα σέθεν ἔσσετ’ οὐδέποτ’ εἰς ὔστερον ·,Sappho,85,"7bc
 6bc",singular,PRED_CO
δοκίμωμι,οὐ -δ’ ἴαν δοκίμωμι προσίδοισαν φάος ἀλίω ἔσσεσθαι σοφίαν πάρθενον εἰς οὐδένα πω χρόνον τεαύταν,Sappho,88,"7bc
 6bc",singular,PRED
θέλγει,τίς δ’ ἀγροΐωτις θέλγει νόον ἀγροΐωτιν ἐπεμμένα σπόλαν οὐκ ἐπισταμένα τὰ βράκε’ ἔλκην ἐπὶ τὼν σφύρων ;,Sappho,89,"7bc
 6bc",singular,PRED
φέροισι,"G?GG? G?GδαG? G? G?Gα G?ύγοισαG? G?GG2G2G?ιδάχθην G?χυ θοιGαλλG7ύταν G?GχθοGGατίGG5εισα G?μένα τανG4ώνυμόν σε G?νι θῆται στύματι πρόκοψιν G?πων κάλα δῶρα παῖδες G? G φιλάοιδον λιγύραν χελύνναν G?ντα χρόα γῆρας ἤδη G?ντο τρίχες ἐκ μελαίναν G?αι , γόνα δ’ οὐ φέροισι G?ησθ’ ἴσα νεβρίοισιν G? ἀλλὰ τί κεν ποείην ;",Sappho,90,"7bc
 6bc",plural,PRED_CO
ἔμαρψε,"E G? οὐ δύνατον γένεσθαι G? βροδόπαχυν Αὔων G? ἔσχατα γᾶς φέροισα G? G?ον ὔμως ἔμαρψε G? G?άταν ἄκοιτιν G?ιμέναν νομίσδει G?αις ὀπάσδοι ἔγω δὲ φίλημμ’ ἀβροσύναν , G? .",Sappho,91,"7bc
 6bc",singular,PRED_CO
νομίσδει,"E G? οὐ δύνατον γένεσθαι G? βροδόπαχυν Αὔων G? ἔσχατα γᾶς φέροισα G? G?ον ὔμως ἔμαρψε G? G?άταν ἄκοιτιν G?ιμέναν νομίσδει G?αις ὀπάσδοι ἔγω δὲ φίλημμ’ ἀβροσύναν , G? .",Sappho,91,"7bc
 6bc",singular,PRED_CO
φίλημμ’,"E G? οὐ δύνατον γένεσθαι G? βροδόπαχυν Αὔων G? ἔσχατα γᾶς φέροισα G? G?ον ὔμως ἔμαρψε G? G?άταν ἄκοιτιν G?ιμέναν νομίσδει G?αις ὀπάσδοι ἔγω δὲ φίλημμ’ ἀβροσύναν , G? .",Sappho,91,"7bc
 6bc",singular,PRED_CO
λέλογχε,τοῦτο καί μοι τὸ λάμπρον ἔρος τω- τὠελίω καὶ τὸ κάλον λέλογχε .,Sappho,92,"7bc
 6bc",singular,PRED
οἶσθα,"G? τύχοισα G? θέλ’ ὦν τ’ ἀπαίσαν G?Gεσον νόημμα G?έτων κάλημμιG? πεδὰ θῦμον αἶψα G? ὄσσα τύχην θελήσηις G?ρ ἔμοι μάχεσθαι χλιδάναι πίθεισαG? G?ι , σὺ δ’ εὖ γὰρ οἶσθα G?έτει ταGGλεG2 G?κλασG?",Sappho,93,"7bc
 6bc",singular,PRED_CO
εἰσάιον,ἐπτάξατεG? δάφνας ὄταG? πὰν δ’ ἄδιονG? ἢ κῆνον ἐλοG? καὶ ταῖσι μὲν ἀG? ὀδοίπορος ἄνG4G2G? μύγις δέ ποτ’ εἰσάιον ·,Sappho,94,"7bc
 6bc",plural,PRED_CO
ἔφθατε,ἐκλG? ψύχα δ’ ἀγαπάτασυG τέαυτα δὲ νῦν ἔμμG? ἴκεσθ’ ἀγαναG? ἔφθατε ·,Sappho,95,"7bc
 6bc",plural,PRED_CO
φοίταις,"Ὄνοιρε μελαιναG? φοίταις ὄτα τ’ ὔπνος G? γλύκυς θέος , ἦ δεῖν’ ὀνίας μG? ζὰ χῶρις ἔχην τὰν δυναμG? .",Sappho,97,"7bc
 6bc",singular,PRED
ἔχει,ἔλπις δέ μ’ ἔχει μὴ πεδέχην μηδὲν μακάρων ἐλG? οὐ γάρ κ’ ἔον οὔτωG ἀθύρματα καGG? γένοιτο δέ μοιG? τοὶς πάνταG?,Sappho,98,"7bc
 6bc",singular,PRED_CO
ἔον,ἔλπις δέ μ’ ἔχει μὴ πεδέχην μηδὲν μακάρων ἐλG? οὐ γάρ κ’ ἔον οὔτωG ἀθύρματα καGG? γένοιτο δέ μοιG? τοὶς πάνταG?,Sappho,98,"7bc
 6bc",singular,PRED_CO
ἔγεντο,G?ι γάρ μ’ ἀπὺ τὰς ἐGG? G? ὔμως δ’ ἔγεντο G? ἴσαν θέοισιν G?ασαν ἀλίτραG? G? ἈνδρομέδανGGαξG? G?αρG3GαG2κGGα G?εον δὲ τρόπον αGGύνηG? G?κορον οὐκατισGεGG? καG5GΤυνδαρίδαις ασυGG3καG χαρίεντ’ ἀGG? G?κ’ ἄδολον μηκέτι συνG? G?μεγαραGG2ναG3αβ κηG?,Sappho,102,"7bc
 6bc",singular,PRED
εἶμ’,"G?αμGλGG? G?ναμG? G?ν δ’ εἶμ’ εG? G?ρσομένG? G?λικ’ ὐπαG? G?G3GβαG? G?ς γὰρ ἐπαυG? μάν κ’ ἀπυθυσG? G?αρμονίας δG? G?αθην χόρον , ἄαG? G?δε λίγηαGG? G?ατόν σφιG? G?παντεσσιG? G?επGGG?",Sappho,104,"7bc
 6bc",singular,PRED
ἐάσω,"G?μισσε Μίκα G?ελαG4λά σ’ ἐγω- ἔγωὐκ ἐάσω G?ν φιλότατ’ ἤλεο ΠενθιλήανG? G?δα κακότροπ’ , ἄμμαG? G? μέλος τι γλύκερον GG? G?α μελλιχόφωνG? G?δει , λίγυραι δ’ ἄηG? G? δροσόεσσαG?",Sappho,105,"7bc
 6bc",singular,PRED_CO
ἤλεο,"G?μισσε Μίκα G?ελαG4λά σ’ ἐγω- ἔγωὐκ ἐάσω G?ν φιλότατ’ ἤλεο ΠενθιλήανG? G?δα κακότροπ’ , ἄμμαG? G? μέλος τι γλύκερον GG? G?α μελλιχόφωνG? G?δει , λίγυραι δ’ ἄηG? G? δροσόεσσαG?",Sappho,105,"7bc
 6bc",singular,PRED_CO
νώμεθ’,G?GαιGG?λ’ αὖθι μεG? νώμεθ’ ὀG? δη- δηὖτ’ ἐπιτG? έντηδεμG? Gα γὰρ ἐκάG? G?GGGG?,Sappho,110,"7bc
 6bc",plural,PRED
οἶσθα,οὐδυG? G?Gάσδοισ’ ὀλιγαG? G?Gένα φέρεσθαι G?Gφια τισG3G? G?Gδ’ ἄδιον εἰσορG? G? οἶσθα κα- καὔτα ·,Sappho,114,"7bc
 6bc",singular,PRED
φαῖμ’,G? φίλα φαῖμ’ ἐχύρα γένεσθαι G?εναGαις ·,Sappho,118,"7bc
 6bc",singular,PRED
θέλω,τεθνάκην δ’ ἀδόλως θέλω ·,Sappho,123,"7bc
 6bc",singular,PRED
κατελίμπανεν,"ἄ με ψισδομένα κατελίμπανεν πόλλα καὶ τόδ’ ἔειπέ μοι ὤιμ’ ὠς δεῖνα πεπόνθαμεν , Ψάπφ’ , ἦ μάν σ’ ἀέκοισ’ ἀπυλιμπάνω .",Sappho,124,"7bc
 6bc",singular,PRED_CO
ἔειπέ,"ἄ με ψισδομένα κατελίμπανεν πόλλα καὶ τόδ’ ἔειπέ μοι ὤιμ’ ὠς δεῖνα πεπόνθαμεν , Ψάπφ’ , ἦ μάν σ’ ἀέκοισ’ ἀπυλιμπάνω .",Sappho,124,"7bc
 6bc",singular,PRED_CO
πεπόνθαμεν,"ἄ με ψισδομένα κατελίμπανεν πόλλα καὶ τόδ’ ἔειπέ μοι ὤιμ’ ὠς δεῖνα πεπόνθαμεν , Ψάπφ’ , ἦ μάν σ’ ἀέκοισ’ ἀπυλιμπάνω .",Sappho,124,"7bc
 6bc",plural,OBJ_CO
ἀπυλιμπάνω,"ἄ με ψισδομένα κατελίμπανεν πόλλα καὶ τόδ’ ἔειπέ μοι ὤιμ’ ὠς δεῖνα πεπόνθαμεν , Ψάπφ’ , ἦ μάν σ’ ἀέκοισ’ ἀπυλιμπάνω .",Sappho,124,"7bc
 6bc",singular,OBJ_CO
ἀμειβόμαν,τὰν δ’ ἔγω τάδ’ ἀμειβόμαν ·,Sappho,125,"7bc
 6bc",singular,PRED
οἶσθα,"χαίροισ’ ἔρχεο κα- κἄμεθεν μέμναισ’ , οἶσθα γὰρ ὤς σε πεδήπομεν ·",Sappho,126,"7bc
 6bc",singular,PRED_CO
πεδήπομεν,"χαίροισ’ ἔρχεο κα- κἄμεθεν μέμναισ’ , οἶσθα γὰρ ὤς σε πεδήπομεν ·",Sappho,126,"7bc
 6bc",plural,OBJ
θέλω,"E αἰ δὲ μή , ἀλλά σ’ ἔγω θέλω ὄμναισαιG4GG3G2αι ὄσσα μόλθακα καὶ κάλ’ ἐπάσχομεν ·",Sappho,127,"7bc
 6bc",singular,PRED
ἐπάσχομεν,"E αἰ δὲ μή , ἀλλά σ’ ἔγω θέλω ὄμναισαιG4GG3G2αι ὄσσα μόλθακα καὶ κάλ’ ἐπάσχομεν ·",Sappho,127,"7bc
 6bc",plural,ExD
περεθήκαο,"πόλλοις γὰρ στεφάνοις ἴων καὶ βρόδων κροκίων τ’ ὔμοι καG2G? πὰρ ἔμοι περεθήκαο καὶ πόλλαις ὐπαθύμιδας πλέκταις ἀμφ’ ἀπάλαι δέραι ἀνθέων ἐράτων πεποημμέναις καὶ πόλλῳ G?G μύρωι βρενθείωιGG?ρυG2ν ἐξαλείψαο καὶ βασιληΐωι καὶ στρώμναν ἐπὶ μολθάκαν ἀπάλαν παGG?G3ων ἐξίης πόθοG?Gνίδων κα- κωὔ -τε τισG?G2τι ἶρον οὐδυG? ἔπλετ’ ὄπποθεν ἄμμες ἀπέσκομεν , οὐκ ἄλσος GG?Gρος G?ψοφος G?G3οιδιαι",Sappho,128,"7bc
 6bc",singular,PRED_CO
ἐξαλείψαο,"πόλλοις γὰρ στεφάνοις ἴων καὶ βρόδων κροκίων τ’ ὔμοι καG2G? πὰρ ἔμοι περεθήκαο καὶ πόλλαις ὐπαθύμιδας πλέκταις ἀμφ’ ἀπάλαι δέραι ἀνθέων ἐράτων πεποημμέναις καὶ πόλλῳ G?G μύρωι βρενθείωιGG?ρυG2ν ἐξαλείψαο καὶ βασιληΐωι καὶ στρώμναν ἐπὶ μολθάκαν ἀπάλαν παGG?G3ων ἐξίης πόθοG?Gνίδων κα- κωὔ -τε τισG?G2τι ἶρον οὐδυG? ἔπλετ’ ὄπποθεν ἄμμες ἀπέσκομεν , οὐκ ἄλσος GG?Gρος G?ψοφος G?G3οιδιαι",Sappho,128,"7bc
 6bc",singular,PRED_CO
ἐξίης,"πόλλοις γὰρ στεφάνοις ἴων καὶ βρόδων κροκίων τ’ ὔμοι καG2G? πὰρ ἔμοι περεθήκαο καὶ πόλλαις ὐπαθύμιδας πλέκταις ἀμφ’ ἀπάλαι δέραι ἀνθέων ἐράτων πεποημμέναις καὶ πόλλῳ G?G μύρωι βρενθείωιGG?ρυG2ν ἐξαλείψαο καὶ βασιληΐωι καὶ στρώμναν ἐπὶ μολθάκαν ἀπάλαν παGG?G3ων ἐξίης πόθοG?Gνίδων κα- κωὔ -τε τισG?G2τι ἶρον οὐδυG? ἔπλετ’ ὄπποθεν ἄμμες ἀπέσκομεν , οὐκ ἄλσος GG?Gρος G?ψοφος G?G3οιδιαι",Sappho,128,"7bc
 6bc",singular,PRED_CO
ἔπλετ’,"πόλλοις γὰρ στεφάνοις ἴων καὶ βρόδων κροκίων τ’ ὔμοι καG2G? πὰρ ἔμοι περεθήκαο καὶ πόλλαις ὐπαθύμιδας πλέκταις ἀμφ’ ἀπάλαι δέραι ἀνθέων ἐράτων πεποημμέναις καὶ πόλλῳ G?G μύρωι βρενθείωιGG?ρυG2ν ἐξαλείψαο καὶ βασιληΐωι καὶ στρώμναν ἐπὶ μολθάκαν ἀπάλαν παGG?G3ων ἐξίης πόθοG?Gνίδων κα- κωὔ -τε τισG?G2τι ἶρον οὐδυG? ἔπλετ’ ὄπποθεν ἄμμες ἀπέσκομεν , οὐκ ἄλσος GG?Gρος G?ψοφος G?G3οιδιαι",Sappho,128,"7bc
 6bc",singular,PRED_CO
ἀπέσκομεν,"πόλλοις γὰρ στεφάνοις ἴων καὶ βρόδων κροκίων τ’ ὔμοι καG2G? πὰρ ἔμοι περεθήκαο καὶ πόλλαις ὐπαθύμιδας πλέκταις ἀμφ’ ἀπάλαι δέραι ἀνθέων ἐράτων πεποημμέναις καὶ πόλλῳ G?G μύρωι βρενθείωιGG?ρυG2ν ἐξαλείψαο καὶ βασιληΐωι καὶ στρώμναν ἐπὶ μολθάκαν ἀπάλαν παGG?G3ων ἐξίης πόθοG?Gνίδων κα- κωὔ -τε τισG?G2τι ἶρον οὐδυG? ἔπλετ’ ὄπποθεν ἄμμες ἀπέσκομεν , οὐκ ἄλσος GG?Gρος G?ψοφος G?G3οιδιαι",Sappho,128,"7bc
 6bc",plural,ATR
ἦρ’,GουG? ἦρ’ ἀG? δηρατGG? ΓογγυλαGG? ἦ τι σᾶμ’ ἐθεGG? παισὶ μάλιστα GG? Gμας γ’ εἴσηλθ’ ἐπGG? εἶπον ·,Sappho,129,"7bc
 6bc",singular,ExD
εἴσηλθ’,GουG? ἦρ’ ἀG? δηρατGG? ΓογγυλαGG? ἦ τι σᾶμ’ ἐθεGG? παισὶ μάλιστα GG? Gμας γ’ εἴσηλθ’ ἐπGG? εἶπον ·,Sappho,129,"7bc
 6bc",singular,ExD
εἶπον,GουG? ἦρ’ ἀG? δηρατGG? ΓογγυλαGG? ἦ τι σᾶμ’ ἐθεGG? παισὶ μάλιστα GG? Gμας γ’ εἴσηλθ’ ἐπGG? εἶπον ·,Sappho,129,"7bc
 6bc",singular,ExD
ἄδομ’,"ὦ δέσποτ’ , ἐπGG? οὐ μὰ γὰρ μάκαιραν G? οὐδὲν ἄδομ’ ἔπαρθ’ ἀγαG? κατθάνην δ’ ἴμερός τις G? ἔχει με καὶ λωτίνοις δροσόεντας G? ὄχθοις ἴδην ἈχερG? GG2δεσαιδ’GG? GG2δετοGG? μητιG2G?",Sappho,130,"7bc
 6bc",singular,PRED_CO
ἔχει,"ὦ δέσποτ’ , ἐπGG? οὐ μὰ γὰρ μάκαιραν G? οὐδὲν ἄδομ’ ἔπαρθ’ ἀγαG? κατθάνην δ’ ἴμερός τις G? ἔχει με καὶ λωτίνοις δροσόεντας G? ὄχθοις ἴδην ἈχερG? GG2δεσαιδ’GG? GG2δετοGG? μητιG2G?",Sappho,130,"7bc
 6bc",singular,PRED_CO
ἔχαιρε,"G?σαρδGG2 G? πόλλακι τυίδε νῶν ἔχοισα ὠσπGG3Gώομεν , GG3G2χG2 σε θεασικελαν ἀριγνωτασε † δὲ μάλιστ’ ἔχαιρε μόλπαι ·",Sappho,131,"7bc
 6bc",singular,PRED_CO
ἐμπρέπεται,E νῦν δὲ Λύδαισιν ἐμπρέπεται γυναίκεσσιν ὤς ποτ’ ἀελίω δύντος ἀ βροδοδάκτυλος μήνα πάντα περρέχοισ’ ἄστρα ·,Sappho,132,"7bc
 6bc",singular,PRED
ἐπίσχει,φάος δ’ ἐπίσχει θάλασσαν ἐπ’ ἀλμύραν ἴσως καὶ πολυανθέμοις ἀρούραις ·,Sappho,133,"7bc
 6bc",singular,PRED
κέχυται,ἀ δ’ ἐέρσα κάλα κέχυται τεθάλαισι δὲ βρόδα κα- κἄπαλ’ ἄνθρυσκα καὶ μελίλωτος ἀνθεμώδης ·,Sappho,134,"7bc
 6bc",singular,PRED_CO
τεθάλαισι,ἀ δ’ ἐέρσα κάλα κέχυται τεθάλαισι δὲ βρόδα κα- κἄπαλ’ ἄνθρυσκα καὶ μελίλωτος ἀνθεμώδης ·,Sappho,134,"7bc
 6bc",plural,PRED_CO
βόρηται,E E πόλλα δὲ ζαφοίταισ’ ἀγάνας ἐπιμνάσθεισ’ Ἄτθιδος ἰμέρωι λέπταν ποι φρένα κGρG3 βόρηται ·,Sappho,135,"7bc
 6bc",singular,PRED_CO
γαρύει,κῆθι δ’ ἔλθην ἀμμGG2G2ισα τόδ’ οὐ νῶντ’ ἀG2υστονυμG3 πόλυς γαρύει G3αλονG6Gο μέσσον ·,Sappho,136,"7bc
 6bc",singular,PRED
ἔχευ’,εὔμαρες μὲν οὐκ αGμι θέαισι μόρφαν ἐπήρατον ἐξίσωσθαι συG2ρος ἔχηισθ’ ἀG3Gνίδηον G?τοG4ρατιμαλG?Gερος καὶ δGμG?ος Ἀφροδίτα καμG? νέκταρ ἔχευ’ ἀπὺ χρυσίας G?ναν G4απουρG? χέρσι Πείθω G?θG2ησενη G?ακις G?G6αι G?ες τὸ Γεραίστιον G?ν φίλαι G?υστον οὐδενοG? G?ερον ἰξομG?,Sappho,137,"7bc
 6bc",singular,PRED_CO
ἔχω,σοὶ δ’ ἔγω Κλέι ποικίλαν G? οὐκ ἔχω πόθεν ἔσσεται G? μιτράναν ·,Sappho,141,"7bc
 6bc",singular,PRED
ἔσσεται,σοὶ δ’ ἔγω Κλέι ποικίλαν G? οὐκ ἔχω πόθεν ἔσσεται G? μιτράναν ·,Sappho,141,"7bc
 6bc",singular,OBJ
διέρρυεν,Gἴδε γὰρ αἶνα διέρρυεν,Sappho,145,"7bc
 6bc",singular,PRED
ἐπύκασσε,ἀμφὶ δ’ ἄβροισ’ λασίοισ’ εὖ ἐπύκασσε,Sappho,146,"7bc
 6bc",singular,PRED
ἀτιμάσεις,E πρὸς τὴν Ἀφροδίτην χερρόμακτρα δὲ καγγόνων † πορφύραι κὰτ’ αὐτὰ μὲν ἀτιμάσεις † ἔπεμψ’ ἀπὺ Φωκάας δῶρα τίμια καγγόνων †,Sappho,147,"7bc
 6bc",singular,PRED_CO
ἔπεμψ’,E πρὸς τὴν Ἀφροδίτην χερρόμακτρα δὲ καγγόνων † πορφύραι κὰτ’ αὐτὰ μὲν ἀτιμάσεις † ἔπεμψ’ ἀπὺ Φωκάας δῶρα τίμια καγγόνων †,Sappho,147,"7bc
 6bc",singular,PRED_CO
δύναμαι,"γλύκηα μᾶτερ , οὔτοι δύναμαι κρέκην τὸν ἴστον πόθωι δάμεισα παῖδος βραδίναν δι’ Ἀφροδίταν",Sappho,148,"7bc
 6bc",singular,PRED
ἐσκέδασ’,"Ἔσπερε πάντα φέρων ὄσα φαίνολις ἐσκέδασ’ Αὔως , φέρεις ὄιν , φέρεις αἶγα , φέρεις ἄπυ † μάτερι παῖδα .",Sappho,152,"7bc
 6bc",singular,ATR
φέρεις,"Ἔσπερε πάντα φέρων ὄσα φαίνολις ἐσκέδασ’ Αὔως , φέρεις ὄιν , φέρεις αἶγα , φέρεις ἄπυ † μάτερι παῖδα .",Sappho,152,"7bc
 6bc",singular,PRED_CO
φέρεις,"Ἔσπερε πάντα φέρων ὄσα φαίνολις ἐσκέδασ’ Αὔως , φέρεις ὄιν , φέρεις αἶγα , φέρεις ἄπυ † μάτερι παῖδα .",Sappho,152,"7bc
 6bc",singular,PRED_CO
φέρεις,"Ἔσπερε πάντα φέρων ὄσα φαίνολις ἐσκέδασ’ Αὔως , φέρεις ὄιν , φέρεις αἶγα , φέρεις ἄπυ † μάτερι παῖδα .",Sappho,152,"7bc
 6bc",singular,PRED_CO
ἐρεύθεται,"οἶον τὸ γλυκύμαλον ἐρεύθεται ἄκρωι ἐπ’ ὔσδωι , ἄκρον ἐπ’ ἀκροτάτωι , λελάθοντο δὲ μαλοδρόπηες , οὐ μὰν ἐκλελάθοντ’ , ἀλλ’ οὐκ ἐδύναντ’ ἐπίκεσθαι",Sappho,154,"7bc
 6bc",singular,ADV
λελάθοντο,"οἶον τὸ γλυκύμαλον ἐρεύθεται ἄκρωι ἐπ’ ὔσδωι , ἄκρον ἐπ’ ἀκροτάτωι , λελάθοντο δὲ μαλοδρόπηες , οὐ μὰν ἐκλελάθοντ’ , ἀλλ’ οὐκ ἐδύναντ’ ἐπίκεσθαι",Sappho,154,"7bc
 6bc",plural,PRED_CO
ἐκλελάθοντ’,"οἶον τὸ γλυκύμαλον ἐρεύθεται ἄκρωι ἐπ’ ὔσδωι , ἄκρον ἐπ’ ἀκροτάτωι , λελάθοντο δὲ μαλοδρόπηες , οὐ μὰν ἐκλελάθοντ’ , ἀλλ’ οὐκ ἐδύναντ’ ἐπίκεσθαι",Sappho,154,"7bc
 6bc",plural,PRED_CO
ἐδύναντ’,"οἶον τὸ γλυκύμαλον ἐρεύθεται ἄκρωι ἐπ’ ὔσδωι , ἄκρον ἐπ’ ἀκροτάτωι , λελάθοντο δὲ μαλοδρόπηες , οὐ μὰν ἐκλελάθοντ’ , ἀλλ’ οὐκ ἐδύναντ’ ἐπίκεσθαι",Sappho,154,"7bc
 6bc",plural,PRED_CO
καταστείβοισι,"E οἴαν τὰν ὐάκινθον ἐν ὤρεσι ποίμενες ἄνδρες πόσσι καταστείβοισι , χάμαι δέ τε πόρφυρον ἄνθος",Sappho,155,"7bc
 6bc",plural,PRED_CO
ἐπιβάλλομαι,ἦρ’ ἔτι παρθενίας ἐπιβάλλομαι ;,Sappho,157,"7bc
 6bc",singular,PRED
ἦσι,"δώσομεν , ἦσι πάτηρ",Sappho,159,"7bc
 6bc",singular,PRED
δώσομεν,"δώσομεν , ἦσι πάτηρ",Sappho,159,"7bc
 6bc",plural,OBJ
ἐξεπόναισαν,"E E θυρώρωι πόδες ἐπτορόγυιοι , τὰ δὲ σάμβαλα πεμπεβόηα , πίσσυγγοι δὲ δέκ’ ἐξεπόναισαν",Sappho,160,"7bc
 6bc",plural,PRED_CO
εἰσέρχεται,"γάμβρος εἰσέρχεται ἴσος † Ἄρευι , ἄνδρος μεγάλω πόλυ μέζων .",Sappho,165,"7bc
 6bc",singular,PRED
ἐκτετέλεστ’,"ὄλβιε γάμβρε , σοὶ μὲν δὴ γάμος ὠς ἄραο ἐκτετέλεστ’ , ἔχηις δὲ πάρθενον ἂν † ἄραο .",Sappho,166,"7bc
 6bc",singular,PRED_CO
ἄραο,"ὄλβιε γάμβρε , σοὶ μὲν δὴ γάμος ὠς ἄραο ἐκτετέλεστ’ , ἔχηις δὲ πάρθενον ἂν † ἄραο .",Sappho,166,"7bc
 6bc",singular,ADV
ἄραο,"ὄλβιε γάμβρε , σοὶ μὲν δὴ γάμος ὠς ἄραο ἐκτετέλεστ’ , ἔχηις δὲ πάρθενον ἂν † ἄραο .",Sappho,166,"7bc
 6bc",singular,ExD
κέχυται,"E σοὶ χάριεν μὲν εἶδος , ὄππατα δ’ μέλλιχ’ , ἔρος δ’ ἐπ’ ἰμέρτωι κέχυται προσώπωι .",Sappho,167,"7bc
 6bc",singular,PRED_CO
τετίμακ’,τετίμακ’ ἔξοχά σ’ Ἀφροδίτα,Sappho,168,"7bc
 6bc",singular,PRED
οἴχηι,"παρθενία , παρθενία , ποῖ με λίποισα οἴχηι ;",Sappho,170,"7bc
 6bc",singular,PRED
ἤξω,"οὐκέτι ἤξω πρὸς σέ , οὐκέτι ἤξω .",Sappho,171,"7bc
 6bc",singular,PRED_CO
ἤξω,"οὐκέτι ἤξω πρὸς σέ , οὐκέτι ἤξω .",Sappho,171,"7bc
 6bc",singular,PRED_CO
ἐικάσδω,"τίωι σ’ , ὦ φίλε γάμβρε , κάλως ἐικάσδω ;",Sappho,172,"7bc
 6bc",singular,PRED
ἐικάσδω,ὄρπακι βραδίνωι σε μάλιστ’ ἐικάσδω .,Sappho,173,"7bc
 6bc",singular,PRED
ἔμμι,"ἀλλά τις οὐκ ἔμμι παλιγκότων ὄργαν , ἀλλ’ ἀβάκην τὰν φρέν’ ἔχω",Sappho,177,"7bc
 6bc",singular,PRED_CO
ἔχω,"ἀλλά τις οὐκ ἔμμι παλιγκότων ὄργαν , ἀλλ’ ἀβάκην τὰν φρέν’ ἔχω",Sappho,177,"7bc
 6bc",singular,PRED_CO
τλάσομ’,οὐ γὰρ τλάσομ’ ἔγω συνοίκην ἔοισα γεραιτέρα,Sappho,179,"7bc
 6bc",singular,PRED
ἐστεφαναπλόκην,αυταόρα † ἐστεφαναπλόκην,Sappho,183,"7bc
 6bc",singular,PRED
δόνει,"Ἔρος δη- δηὖτέ μ’ ὀ λυσιμέλης δόνει , γλυκύπικρον ἀμάχανον ὄρπετον",Sappho,188,"7bc
 6bc",singular,PRED
ἀπήχθετο,"Ἄτθι , σοὶ δ’ ἔμεθεν μὲν ἀπήχθετο φροντίσδην , ἐπὶ δ’ Ἀνδρομέδαν πόται",Sappho,189,"7bc
 6bc",singular,PRED_CO
πόται,"Ἄτθι , σοὶ δ’ ἔμεθεν μὲν ἀπήχθετο φροντίσδην , ἐπὶ δ’ Ἀνδρομέδαν πόται",Sappho,189,"7bc
 6bc",singular,PRED_CO
ἔστι,"E E ἔστι μοι κάλα πάις χρυσίοισιν ἀνθέμοισιν ἐμφέρην ἔχοισα μόρφαν Κλέις ἀγαπάτα , ἀντὶ τᾶς ἐγω- ἔγωὐ -δὲ Λυδίαν παῖσαν οὐ -δ’ ἐράνναν",Sappho,190,"7bc
 6bc",singular,PRED
ἔχει,"E ἔχει μὲν Ἀνδρομέδα κάλαν ἀμοίβαν Ψάπφοι , τί τὰν πολύολβον Ἀφροδίταν ;",Sappho,191,"7bc
 6bc",singular,PRED_CO
ἐλεξάμαν,ζὰ ἐλεξάμαν ὄναρ Κυπρογενηα,Sappho,192,"7bc
 6bc",singular,PRED
θέλω,"θέλω τί τ’ εἴπην , ἀλλά με κωλύει αἴδως .",Sappho,195,"7bc
 6bc",singular,PRED_CO
κωλύει,"θέλω τί τ’ εἴπην , ἀλλά με κωλύει αἴδως .",Sappho,195,"7bc
 6bc",singular,PRED_CO
ἦχεν,"αἰ δ’ ἦχες ἔσλων ἴμερον ἢ κάλων καὶ μή τί τ’ εἴπην γλῶσσ’ ἐκύκα κάκον , αἴδως κέν σε οὐκ † ἦχεν ὄππατ’ ἀλλ’ ἔλεγες περὶ τὼ δικαίω †",Sappho,196,"7bc
 6bc",singular,PRED_CO
ἦχες,"αἰ δ’ ἦχες ἔσλων ἴμερον ἢ κάλων καὶ μή τί τ’ εἴπην γλῶσσ’ ἐκύκα κάκον , αἴδως κέν σε οὐκ † ἦχεν ὄππατ’ ἀλλ’ ἔλεγες περὶ τὼ δικαίω †",Sappho,196,"7bc
 6bc",singular,ADV_CO
ἐκύκα,"αἰ δ’ ἦχες ἔσλων ἴμερον ἢ κάλων καὶ μή τί τ’ εἴπην γλῶσσ’ ἐκύκα κάκον , αἴδως κέν σε οὐκ † ἦχεν ὄππατ’ ἀλλ’ ἔλεγες περὶ τὼ δικαίω †",Sappho,196,"7bc
 6bc",singular,ADV_CO
ἔλεγες,"αἰ δ’ ἦχες ἔσλων ἴμερον ἢ κάλων καὶ μή τί τ’ εἴπην γλῶσσ’ ἐκύκα κάκον , αἴδως κέν σε οὐκ † ἦχεν ὄππατ’ ἀλλ’ ἔλεγες περὶ τὼ δικαίω †",Sappho,196,"7bc
 6bc",singular,PRED_CO
κατθναίσκει,"κατθναίσκει , Κυθέρη’ , ἄβρος Ἄδωνις ·",Sappho,198,"7bc
 6bc",singular,PRED
ἐκέκρατ’,κῆ δ’ ἀμβροσίας μὲν κράτηρ ἐκέκρατ’ Ἔρμαις δ’ ἔλων ὄλπιν θέοισ’ ὠινοχόαισε .,Sappho,201,"7bc
 6bc",singular,PRED_CO
ὠινοχόαισε,κῆ δ’ ἀμβροσίας μὲν κράτηρ ἐκέκρατ’ Ἔρμαις δ’ ἔλων ὄλπιν θέοισ’ ὠινοχόαισε .,Sappho,201,"7bc
 6bc",singular,PRED_CO
ἦχον,κῆνοι δ’ ἄρα πάντες καρχάσι’ ἦχον κα- κἄλειβον ἀράσαντο δὲ πάμπαν ἔσλα τὼι γάμβρωι .,Sappho,202,"7bc
 6bc",plural,PRED_CO
κἄλειβον,κῆνοι δ’ ἄρα πάντες καρχάσι’ ἦχον κα- κἄλειβον ἀράσαντο δὲ πάμπαν ἔσλα τὼι γάμβρωι .,Sappho,202,"7bc
 6bc",plural,PRED_CO
ἀράσαντο,κῆνοι δ’ ἄρα πάντες καρχάσι’ ἦχον κα- κἄλειβον ἀράσαντο δὲ πάμπαν ἔσλα τὼι γάμβρωι .,Sappho,202,"7bc
 6bc",plural,PRED_CO
ἦσαν,Λάτω καὶ Νιόβα μάλα μὲν φίλαι ἦσαν ἔταιραι,Sappho,203,"7bc
 6bc",plural,PRED
ἐφύοντο,χρύσειοι δ’ ἐρέβινθοι ἐπ’ ἀιόνων ἐφύοντο,Sappho,204,"7bc
 6bc",plural,PRED
φαιμι,μνάσασθαί τινά φαιμι καὶ ἕτερον † ἀμμέων,Sappho,208,"7bc
 6bc",singular,PRED
ἔχει,E ὀ πλοῦτος ἄνευ † ἀρέτας οὐκ ἀσίνης πάροικος ἀ δ’ ἀμφοτέρων κρᾶσις εὐδαιμονίας ἔχει τὸ ἄκρον †,Sappho,209,"7bc
 6bc",singular,PRED_CO
κατάγρει,E ὄτα πάννυχος ἄσφι κατάγρει,Sappho,210,"7bc
 6bc",singular,ADV
ἐφαίνετ’,E πλήρης μὲν ἐφαίνετ’ ἀ σελάννα αἰ δ’ ὠς περὶ βῶμον ἐστάθησαν,Sappho,216,"7bc
 6bc",singular,PRED_CO
ἐστάθησαν,E πλήρης μὲν ἐφαίνετ’ ἀ σελάννα αἰ δ’ ὠς περὶ βῶμον ἐστάθησαν,Sappho,216,"7bc
 6bc",plural,ADV
ἀείσω,τάδε νῦν ἐταίραις ταὶς ἔμαις τέρπνα κάλως ἀείσω,Sappho,222,"7bc
 6bc",singular,PRED
φαίνεταί,φαίνεταί ϝοι κῆνος,Sappho,227,"7bc
 6bc",singular,PRED
φαῖσι,φαῖσι δή ποτα Λήδαν ὐακίνθινον † πεπυκάδμενον εὔρην ὤιον,Sappho,228,"7bc
 6bc",plural,PRED
ὀνομασθήσεται,ἡ Πλειστοδίκη τῆι Γοργοῖ σύνζυξ μετὰ τῆς Γογγύλης ὀνομασθήσεται ·,Sappho,261,"7bc
 6bc",singular,PRED
ὀνομασθήσεται,κοινὸν γὰρ τὸ ὄνομα GεδGταιη κατὰ τῆς GG3 αG3 ΠλειστοδίκηG2ν G? ὀνομασθήσεται κυG?ηG?Gατετουτ G?Gνοαν,Sappho,262,"7bc
 6bc",singular,PRED
ἐννέπω,"παῖδες , ἄφωνος ἐοῖσα τορ’ ἐννέπω , αἴ τις ἔρηται , φωνὰν ἀκαμάταν κατθεμένα πρὸ ποδῶν ·",Sappho,263,"7bc
 6bc",singular,PRED
ἔρηται,"παῖδες , ἄφωνος ἐοῖσα τορ’ ἐννέπω , αἴ τις ἔρηται , φωνὰν ἀκαμάταν κατθεμένα πρὸ ποδῶν ·",Sappho,263,"7bc
 6bc",singular,ADV
ἀνέθηκεν,""" Αἰθοπίᾳ με κόρᾳ Λατοῦς ἀνέθηκεν Ἀρίστα ἁ Ἑρμοκλείδα τῶ Σαϋναϊάδα , σὰ πρόπολος , δέσποινα γυναικῶν ·",Sappho,264,"7bc
 6bc",singular,PRED
δέξατο,"E Τιμάδος ἅδε κόνις , τὰν δὴ πρὸ γάμοιο θανοῦσαν δέξατο Φερσεφόνας κυάνεος θάλαμος , ἇς καὶ ἀποφθιμένας πᾶσαι νεοθᾶγι σιδάρῳ ἅλικες ἱμερτὰν κρατὸς ἔθεντο κόμαν .",Sappho,266,"7bc
 6bc",singular,PRED_CO
ἔθεντο,"E Τιμάδος ἅδε κόνις , τὰν δὴ πρὸ γάμοιο θανοῦσαν δέξατο Φερσεφόνας κυάνεος θάλαμος , ἇς καὶ ἀποφθιμένας πᾶσαι νεοθᾶγι σιδάρῳ ἅλικες ἱμερτὰν κρατὸς ἔθεντο κόμαν .",Sappho,266,"7bc
 6bc",plural,PRED_CO
ἐπέθηκε,"τῷ γριπεῖ Πελάγωνι πατὴρ ἐπέθηκε Μενίσκος κύρτον καὶ κώπαν , μνᾶμα κακοζοΐας .",Sappho,267,"7bc
 6bc",singular,PRED
Sappho-verb-participle: http://127.0.0.1:9999/search/word.html?text_corpus=literature_verse&text_author=Sappho&word_pos=Verb&start=0&word_mood=participle,,,,,,
ἀίοισα,"ποικιλόθρον’ ἀθανάτ’ Ἀφρόδιτα , παῖ Δίος δολόπλοκε , λίσσομαί σε , μή μ’ ἄσαισι μη -δ’ ὀνίαισι δάμνα , πότνια , θῦμον , ἀλλὰ τυίδ’ ἔλθ’ , αἴ ποτα κα- κἀτέρωτα τὰς ἔμας αὔδας ἀίοισα πήλοι ἔκλυες , πάτρος δὲ δόμον λίποισα χρύσιον ἦλθες ἄρμ’ ὐπασδεύξαισα ·",Sappho,1,"7bc
 6bc",singular,ADV
λίποισα,"ποικιλόθρον’ ἀθανάτ’ Ἀφρόδιτα , παῖ Δίος δολόπλοκε , λίσσομαί σε , μή μ’ ἄσαισι μη -δ’ ὀνίαισι δάμνα , πότνια , θῦμον , ἀλλὰ τυίδ’ ἔλθ’ , αἴ ποτα κα- κἀτέρωτα τὰς ἔμας αὔδας ἀίοισα πήλοι ἔκλυες , πάτρος δὲ δόμον λίποισα χρύσιον ἦλθες ἄρμ’ ὐπασδεύξαισα ·",Sappho,1,"7bc
 6bc",singular,ADV
ὐπασδεύξαισα,"ποικιλόθρον’ ἀθανάτ’ Ἀφρόδιτα , παῖ Δίος δολόπλοκε , λίσσομαί σε , μή μ’ ἄσαισι μη -δ’ ὀνίαισι δάμνα , πότνια , θῦμον , ἀλλὰ τυίδ’ ἔλθ’ , αἴ ποτα κα- κἀτέρωτα τὰς ἔμας αὔδας ἀίοισα πήλοι ἔκλυες , πάτρος δὲ δόμον λίποισα χρύσιον ἦλθες ἄρμ’ ὐπασδεύξαισα ·",Sappho,1,"7bc
 6bc",singular,ADV
δίννεντες,κάλοι δέ σ’ ἆγον ὤκεες στροῦθοι περὶ γᾶς μελαίνας πύκνα δίννεντες πτέρ’ ἀπ’ ὠρανω- ὠράνωἴθερος διὰ μέσσω ·,Sappho,2,"7bc
 6bc",plural,ADV
μειδιαίσαισ’,"σὺ δ’ , ὦ μάκαιρα , μειδιαίσαισ’ ἀθανάτωι προσώπωι ἤρε’ ὄττι δη- δηὖτε πέπονθα κα- κὤττι δη- δηὖτε κάλημμι κα- κὤττι μοι μάλιστα θέλω γένεσθαι μαινόλαι θύμωι ·",Sappho,4,"7bc
 6bc",singular,ADV
ἐθέλοισα,"καὶ γὰρ αἰ φεύγει , ταχέως διώξει , αἰ δὲ δῶρα μὴ δέκετ’ , ἀλλὰ δώσει , αἰ δὲ μὴ φίλει , ταχέως φιλήσει κα- κωὐκ ἐθέλοισα .",Sappho,7,"7bc
 6bc",singular,ADV
θυμιάμενοι,"E E Gρανοθεν κατιουσδευρύ μ’ ἐκ Κρήτας ἐπὶ τόνδε ναῦον ἄγνον ὄππαι τοι χάριεν μὲν ἄλσος μαλίαν , βῶμοι δ’ ἔνι θυμιάμενοι λιβανώτωι ·",Sappho,9,"7bc
 6bc",plural,ADV
αἰθυσσομένων,"ἐν δ’ ὔδωρ ψῦχρον κελάδει δι’ ὔσδων μαλίνων , βρόδοισι δὲ παῖς ὀ χῶρος ἐσκίαστ’ , αἰθυσσομένων δὲ φύλλων κῶμα καταίρει ·",Sappho,10,"7bc
 6bc",plural,ATR
ἔλοισα,ἔνθα δὴ σὺ στέμματ’ ἔλοισα Κύπρι χρυσίαισιν ἐν κυλίκεσσιν ἄβρως ὀμμεμείχμενον θαλίαισι νέκταρ οἰνοχόαισον,Sappho,12,"7bc
 6bc",singular,ADV
ὀμμεμείχμενον,ἔνθα δὴ σὺ στέμματ’ ἔλοισα Κύπρι χρυσίαισιν ἐν κυλίκεσσιν ἄβρως ὀμμεμείχμενον θαλίαισι νέκταρ οἰνοχόαισον,Sappho,12,"7bc
 6bc",singular,ATR
ἀχεύων,"τὰν κασιγνήταν δὲ θέλοι πόησθαι ἔμμορον τίμας , ὀνίαν δὲ λύγραν ἐκλύοιτ’ , ὄτοισι πάροιθ’ ἀχεύων τω- τὦμον ἐδάμνα κῆρ ὀνείδισμ’ εἰσαΐων τὸ κέγχρω G?λεπαγG3αι πολίταν G?λλωσG3νηκε δ’ αὖτ’ οὐ G?κρωG? G?οναικG?εοG?Gι G?G2Gν ·",Sappho,19,"7bc
 6bc",singular,ADV
εἰσαΐων,"τὰν κασιγνήταν δὲ θέλοι πόησθαι ἔμμορον τίμας , ὀνίαν δὲ λύγραν ἐκλύοιτ’ , ὄτοισι πάροιθ’ ἀχεύων τω- τὦμον ἐδάμνα κῆρ ὀνείδισμ’ εἰσαΐων τὸ κέγχρω G?λεπαγG3αι πολίταν G?λλωσG3νηκε δ’ αὖτ’ οὐ G?κρωG? G?οναικG?εοG?Gι G?G2Gν ·",Sappho,19,"7bc
 6bc",singular,ADV
ἐννέποισα,Κύπρι καί σε πικροτGαν ἐπεύροι μη -δὲ καυχάσαιτο τόδ’ ἐννέποισα Δωρίχα τὸ δεύτερον ὠς πόθεννον εἰς ἔρον ἦλθε .,Sappho,23,"7bc
 6bc",singular,ADV
περσκέθοισα,"E πάγχυ δ’ εὔμαρες σύνετον πόησαι πάντι τοῦτ’ , ἀ γὰρ πόλυ περσκέθοισα κάλλος ἀνθρώπων Ἐλένα τὸν ἄνδρα τὸν πανάριστον καλλίποισ’ ἔβα ’ς Τροΐαν πλέοισα κα- κωὐ -δὲ παῖδος οὐ -δὲ φίλων τοκήων πάμπαν ἐμνάσθη , ἀλλὰ παράγαγ’ αὔταν Κύπρις ἔραισαν .",Sappho,25,"7bc
 6bc",singular,ADV
καλλίποισ’,"E πάγχυ δ’ εὔμαρες σύνετον πόησαι πάντι τοῦτ’ , ἀ γὰρ πόλυ περσκέθοισα κάλλος ἀνθρώπων Ἐλένα τὸν ἄνδρα τὸν πανάριστον καλλίποισ’ ἔβα ’ς Τροΐαν πλέοισα κα- κωὐ -δὲ παῖδος οὐ -δὲ φίλων τοκήων πάμπαν ἐμνάσθη , ἀλλὰ παράγαγ’ αὔταν Κύπρις ἔραισαν .",Sappho,25,"7bc
 6bc",singular,ADV
πλέοισα,"E πάγχυ δ’ εὔμαρες σύνετον πόησαι πάντι τοῦτ’ , ἀ γὰρ πόλυ περσκέθοισα κάλλος ἀνθρώπων Ἐλένα τὸν ἄνδρα τὸν πανάριστον καλλίποισ’ ἔβα ’ς Τροΐαν πλέοισα κα- κωὐ -δὲ παῖδος οὐ -δὲ φίλων τοκήων πάμπαν ἐμνάσθη , ἀλλὰ παράγαγ’ αὔταν Κύπρις ἔραισαν .",Sappho,25,"7bc
 6bc",singular,ADV
ἔραισαν,"E πάγχυ δ’ εὔμαρες σύνετον πόησαι πάντι τοῦτ’ , ἀ γὰρ πόλυ περσκέθοισα κάλλος ἀνθρώπων Ἐλένα τὸν ἄνδρα τὸν πανάριστον καλλίποισ’ ἔβα ’ς Τροΐαν πλέοισα κα- κωὐ -δὲ παῖδος οὐ -δὲ φίλων τοκήων πάμπαν ἐμνάσθη , ἀλλὰ παράγαγ’ αὔταν Κύπρις ἔραισαν .",Sappho,25,"7bc
 6bc",singular,ADV
παρεοίσας,"G?αμπτον γὰρ G? G?G3κούφως τG?οηGGν κα- κἄμε νῦν Ἀνακτορίας ὀνέμναισ’ οὐ παρεοίσας , τᾶς κε βολλοίμαν ἔρατόν τε βᾶμα κα- κἀμάρυχμα λάμπρον ἴδην προσώπω ἢ τὰ Λύδων ἄρματα κα- κἀν ὄπλοισι πεσδομάχεντας .",Sappho,26,"7bc
 6bc",singular,ADV
ἐκτελέσσαντες,ἐκτελέσσαντες μG? πρῶτα μὲν περιGG? τυίδ’ ἀπορμάθεντες οὐκ ἐδύναντο πρὶν σὲ καὶ Δί’ ἀντG? καὶ Θυώνας ἰμεG? νῦν δὲ κG? κὰτ τὸ πάλαιον ἄγνα καὶ καG? παρθενG? ἀμφιGG? G? G? GGGνιλG? ἔμμεναG? GραπικεG?,Sappho,29,"7bc
 6bc",plural,ADV
ἀπορμάθεντες,ἐκτελέσσαντες μG? πρῶτα μὲν περιGG? τυίδ’ ἀπορμάθεντες οὐκ ἐδύναντο πρὶν σὲ καὶ Δί’ ἀντG? καὶ Θυώνας ἰμεG? νῦν δὲ κG? κὰτ τὸ πάλαιον ἄγνα καὶ καG? παρθενG? ἀμφιGG? G? G? GGGνιλG? ἔμμεναG? GραπικεG?,Sappho,29,"7bc
 6bc",plural,ADV
διώκων,"G? G?GεπαβολησG? G?ανδ’ ὄλοφυνG4εG G? τρομέροις πGG2αλλα G? G? χρόα γῆρας ἤδη G?ν ἀμφιβάσκει G?ς πέταται διώκων G? G?τας ἀγαύας G?εα , λάβοισα G? ἄεισον ἄμμι τὰν ἰόκολπον .",Sappho,31,"7bc
 6bc",singular,ADV
λάβοισα,"G? G?GεπαβολησG? G?ανδ’ ὄλοφυνG4εG G? τρομέροις πGG2αλλα G? G? χρόα γῆρας ἤδη G?ν ἀμφιβάσκει G?ς πέταται διώκων G? G?τας ἀγαύας G?εα , λάβοισα G? ἄεισον ἄμμι τὰν ἰόκολπον .",Sappho,31,"7bc
 6bc",singular,ADV
λάβοισα,"G?βλαGG? G?εργον , G2λ’αG2G? G?ν ῥέθος δοκιμG? G?ησθαι G?ν ἀυάδην χGG? G? δὲ μή , χείμωνG? G?GοισαναλγεαGG? G?δε GGεGG4GG3κέλομαι σGG? G2GγυλαGG3ανθι λάβοισα GαGG? G2κτιν , ἆσGσε δη- δηὖτε πόθος τGG? ἀμφιπόταται τὰν κάλαν ·",Sappho,33,"7bc
 6bc",singular,ExD
ἴδοισαν,"ἀ γὰρ κατάγωγις αὔτα ἐπτόαισ’ ἴδοισαν , ἔγω δὲ χαίρω , καὶ γὰρ αὔτα δήποτ’ ἐμεμφG? ΚυπρογενηαG? ὠς ἄραμαι τοῦτο τῶG? G?βόλλομαι",Sappho,34,"7bc
 6bc",singular,ADV
ἐγέρθεις,"E E ἀλλ’ ἐγέρθεις , ἠϊθέοις στεῖχε σοὶς ὐμάλικας ἤπερ ὄσσον ἀ λιγύφωνος ὔπνον ἴδωμεν",Sappho,43,"7bc
 6bc",singular,ADV
φωνείσας,"φαίνεταί μοι κῆνος ἴσος θέοισιν ἔμμεν’ ὤνηρ , ὄττις ἐνάντιός τοι ἰσδάνει καὶ πλάσιον ἆδυ φωνείσας ὐπακούει καὶ γελαίσας ἰμέροεν , τό μ’ ἦ μὰν καρδίαν ἐν στήθεσιν ἐπτόαισεν , ὠς γὰρ ἔς σ’ ἴδω βρόχε’ ὤς με φώναισ’ οὐ -δ’ ἒν ἔτ’ εἴκει , ἀλλ’ ἄκαν μὲν γλῶσσα ἔαγε λέπτον δ’ αὔτικα χρῶι πῦρ ὐπαδεδρόμηκεν , ὀππάτεσσι δ’ οὐ -δ’ ἒν ὄρημμ’ , ἐπιρρόμβεισι δ’ ἄκουαι , ἐκ δέ μ’ ἴδρως κακχέεται τρόμος δὲ παῖσαν ἄγρει , χλωροτέρα δὲ ποίας ἔμμι , τεθνάκην δ’ ὀλίγω ’πιδεύης φαίνομ’ ἔμ’ αὔται ·",Sappho,44,"7bc
 6bc",singular,ADV
γελαίσας,"φαίνεταί μοι κῆνος ἴσος θέοισιν ἔμμεν’ ὤνηρ , ὄττις ἐνάντιός τοι ἰσδάνει καὶ πλάσιον ἆδυ φωνείσας ὐπακούει καὶ γελαίσας ἰμέροεν , τό μ’ ἦ μὰν καρδίαν ἐν στήθεσιν ἐπτόαισεν , ὠς γὰρ ἔς σ’ ἴδω βρόχε’ ὤς με φώναισ’ οὐ -δ’ ἒν ἔτ’ εἴκει , ἀλλ’ ἄκαν μὲν γλῶσσα ἔαγε λέπτον δ’ αὔτικα χρῶι πῦρ ὐπαδεδρόμηκεν , ὀππάτεσσι δ’ οὐ -δ’ ἒν ὄρημμ’ , ἐπιρρόμβεισι δ’ ἄκουαι , ἐκ δέ μ’ ἴδρως κακχέεται τρόμος δὲ παῖσαν ἄγρει , χλωροτέρα δὲ ποίας ἔμμι , τεθνάκην δ’ ὀλίγω ’πιδεύης φαίνομ’ ἔμ’ αὔται ·",Sappho,44,"7bc
 6bc",singular,ADV
δοῖσαι,E αἴ με τιμίαν ἐπόησαν ἔργα τὰ σφὰ δοῖσαι,Sappho,46,"7bc
 6bc",plural,ADV
πλήθοισα,"ἄστερες μὲν ἀμφὶ κάλαν σελάνναν ἂψ ἀπυκρύπτοισι φάεννον εἶδος , ὄπποτα πλήθοισα μάλιστα λάμπηι γᾶν ἐπὶ παῖσαν G15 ἀργυρία",Sappho,48,"7bc
 6bc",singular,ADV
ἐπιπλάζοντ’,κὰτ ἔμον στάλαχμον τὸν δ’ ἐπιπλάζοντ’ ἄνεμοι φέροιεν καὶ μελέδωναι .,Sappho,51,"7bc
 6bc",singular,OBJ
ὀνκαλέοντες,"E G? ἴκελοι θέοις G? ἄγνον ἀολλεG? ὄρμαται G?νον ἐς Ἴλιον αὖλος δ’ ἀδυμέλησG?τ’ ὀνεμίγνυτο καὶ ψόφος κροτάλων G?ως δ’ ἄρα πάρθενοι ἄειδον μέλος ἄγνον ἴκανε δ’ ἐς αἴθερα ἄχω θεσπεσία γελG? πάνται δ’ ἦς κὰτ ὄδοG? κράτηρες φίαλαί τ’ ὀG3υεδεG2G2εακGGG? μύρρα καὶ κασία λίβανός τ’ ὀνεμείχνυτο γύναικες δ’ ἐλέλυσδον ὄσαι προγενέστεραι πάντες δ’ ἄνδρες ἐπήρατον ἴαχον ὄρθιον Πάον’ ὀνκαλέοντες ἐκάβολον εὐλύραν , ὔμνην δ’ Ἔκτορα κα- κἀνδρομάχαν θεοεικέλοις .",Sappho,72,"7bc
 6bc",plural,ADV
ἐμπέτων,"Ἔρος δ’ ἐτίναξέ μοι φρένας , ὠς ἄνεμος κὰτ ὄρος δρύσιν ἐμπέτων .",Sappho,76,"7bc
 6bc",singular,ADV
καιομέναν,"ἦλθες , καὶ † ἐπόησας , ἔγω δέ σ’ ἐμαιόμαν , ὂν δ’ ἔψυξας ἔμαν φρένα καιομέναν πόθωι .",Sappho,77,"7bc
 6bc",singular,ADV
ἔλθοντ’,E ἔλθοντ’ ἐξ ὀράνω πορφυρίαν περθέμενον χλάμυν,Sappho,84,"7bc
 6bc",singular,ADV
περθέμενον,E ἔλθοντ’ ἐξ ὀράνω πορφυρίαν περθέμενον χλάμυν,Sappho,84,"7bc
 6bc",singular,ADV
κατθάνοισα,κατθάνοισα δὲ κείσηι οὐ -δ’ ἔτι τις μναμοσύνα σέθεν ἔσσετ’ οὐδέποτ’ εἰς ὔστερον ·,Sappho,85,"7bc
 6bc",singular,ADV
ἐκπεποταμένα,ἀλλ’ ἀφάνης κα- κἀν Ἀίδα δόμωι φοιτάσηις πεδ’ ἀμαύρων νεκύων ἐκπεποταμένα .,Sappho,87,"7bc
 6bc",singular,ADV
προσίδοισαν,οὐ -δ’ ἴαν δοκίμωμι προσίδοισαν φάος ἀλίω ἔσσεσθαι σοφίαν πάρθενον εἰς οὐδένα πω χρόνον τεαύταν,Sappho,88,"7bc
 6bc",singular,ATR
ἐπεμμένα,τίς δ’ ἀγροΐωτις θέλγει νόον ἀγροΐωτιν ἐπεμμένα σπόλαν οὐκ ἐπισταμένα τὰ βράκε’ ἔλκην ἐπὶ τὼν σφύρων ;,Sappho,89,"7bc
 6bc",singular,ADV
ἐπισταμένα,τίς δ’ ἀγροΐωτις θέλγει νόον ἀγροΐωτιν ἐπεμμένα σπόλαν οὐκ ἐπισταμένα τὰ βράκε’ ἔλκην ἐπὶ τὼν σφύρων ;,Sappho,89,"7bc
 6bc",singular,ADV
φέροισα,"E G? οὐ δύνατον γένεσθαι G? βροδόπαχυν Αὔων G? ἔσχατα γᾶς φέροισα G? G?ον ὔμως ἔμαρψε G? G?άταν ἄκοιτιν G?ιμέναν νομίσδει G?αις ὀπάσδοι ἔγω δὲ φίλημμ’ ἀβροσύναν , G? .",Sappho,91,"7bc
 6bc",singular,ExD
τύχοισα,"G? τύχοισα G? θέλ’ ὦν τ’ ἀπαίσαν G?Gεσον νόημμα G?έτων κάλημμιG? πεδὰ θῦμον αἶψα G? ὄσσα τύχην θελήσηις G?ρ ἔμοι μάχεσθαι χλιδάναι πίθεισαG? G?ι , σὺ δ’ εὖ γὰρ οἶσθα G?έτει ταGGλεG2 G?κλασG?",Sappho,93,"7bc
 6bc",singular,ExD
φαέθων,"G5G3αG? G5ρομεG? G5GελασG? GροτήννεμεG? Ψάπφοι , σεφίλG? Κύπρωι βασίλG? καίτοι μέγα δGG? ὄσσοις φαέθων G? πάνται κλέος G? καί σ’ ἐν ἈχέροντG? G2G6νπG?",Sappho,99,"7bc
 6bc",singular,ExD
ἔχοισα,G?νβGGGGυ G?α G?αν ἈφροδιταG? G? ἀδύλογοι δ’ ἐρG? G?βαλλοι G?ις ἔχοισα G?Gένα θαασσG? G?άλλει G?ας ἐέρσασG?,Sappho,106,"7bc
 6bc",singular,ExD
ἔχοισα,G?GακάλαGG? G? αἰγιόχω λαG? G Κυθέρη’ εG2ομG? G?ον ἔχοισα θῦμον κλῦθί μ’ ἄρας αἴπG? G?ας προλίποισα κG? G?G πέδ’ ἔμαν ἰώG? G?Gν χαλέπαιGG?,Sappho,112,"7bc
 6bc",singular,ADV
ἄρας,G?GακάλαGG? G? αἰγιόχω λαG? G Κυθέρη’ εG2ομG? G?ον ἔχοισα θῦμον κλῦθί μ’ ἄρας αἴπG? G?ας προλίποισα κG? G?G πέδ’ ἔμαν ἰώG? G?Gν χαλέπαιGG?,Sappho,112,"7bc
 6bc",singular,ADV
προλίποισα,G?GακάλαGG? G? αἰγιόχω λαG? G Κυθέρη’ εG2ομG? G?ον ἔχοισα θῦμον κλῦθί μ’ ἄρας αἴπG? G?ας προλίποισα κG? G?G πέδ’ ἔμαν ἰώG? G?Gν χαλέπαιGG?,Sappho,112,"7bc
 6bc",singular,ExD
τύχοισαν,E ἀσαροτέρας οὐδάμα πω- πωἴρανα σέθεν τύχοισαν,Sappho,121,"7bc
 6bc",singular,ADV
ψισδομένα,"ἄ με ψισδομένα κατελίμπανεν πόλλα καὶ τόδ’ ἔειπέ μοι ὤιμ’ ὠς δεῖνα πεπόνθαμεν , Ψάπφ’ , ἦ μάν σ’ ἀέκοισ’ ἀπυλιμπάνω .",Sappho,124,"7bc
 6bc",singular,ADV
χαίροισ’,"χαίροισ’ ἔρχεο κα- κἄμεθεν μέμναισ’ , οἶσθα γὰρ ὤς σε πεδήπομεν ·",Sappho,126,"7bc
 6bc",singular,ADV
πεποημμέναις,"πόλλοις γὰρ στεφάνοις ἴων καὶ βρόδων κροκίων τ’ ὔμοι καG2G? πὰρ ἔμοι περεθήκαο καὶ πόλλαις ὐπαθύμιδας πλέκταις ἀμφ’ ἀπάλαι δέραι ἀνθέων ἐράτων πεποημμέναις καὶ πόλλῳ G?G μύρωι βρενθείωιGG?ρυG2ν ἐξαλείψαο καὶ βασιληΐωι καὶ στρώμναν ἐπὶ μολθάκαν ἀπάλαν παGG?G3ων ἐξίης πόθοG?Gνίδων κα- κωὔ -τε τισG?G2τι ἶρον οὐδυG? ἔπλετ’ ὄπποθεν ἄμμες ἀπέσκομεν , οὐκ ἄλσος GG?Gρος G?ψοφος G?G3οιδιαι",Sappho,128,"7bc
 6bc",plural,ATR
ἔχοισα,"G?σαρδGG2 G? πόλλακι τυίδε νῶν ἔχοισα ὠσπGG3Gώομεν , GG3G2χG2 σε θεασικελαν ἀριγνωτασε † δὲ μάλιστ’ ἔχαιρε μόλπαι ·",Sappho,131,"7bc
 6bc",singular,ExD
δύντος,E νῦν δὲ Λύδαισιν ἐμπρέπεται γυναίκεσσιν ὤς ποτ’ ἀελίω δύντος ἀ βροδοδάκτυλος μήνα πάντα περρέχοισ’ ἄστρα ·,Sappho,132,"7bc
 6bc",singular,ADV
περρέχοισ’,E νῦν δὲ Λύδαισιν ἐμπρέπεται γυναίκεσσιν ὤς ποτ’ ἀελίω δύντος ἀ βροδοδάκτυλος μήνα πάντα περρέχοισ’ ἄστρα ·,Sappho,132,"7bc
 6bc",singular,ATR
ζαφοίταισ’,E E πόλλα δὲ ζαφοίταισ’ ἀγάνας ἐπιμνάσθεισ’ Ἄτθιδος ἰμέρωι λέπταν ποι φρένα κGρG3 βόρηται ·,Sappho,135,"7bc
 6bc",singular,ADV
ἐπιμνάσθεισ’,E E πόλλα δὲ ζαφοίταισ’ ἀγάνας ἐπιμνάσθεισ’ Ἄτθιδος ἰμέρωι λέπταν ποι φρένα κGρG3 βόρηται ·,Sappho,135,"7bc
 6bc",singular,ADV
κατελιξαμένα,ἀ γάρ με γένναG? GGας ἐπ’ ἀλικίας μεγG? κόσμον αἴ τις ἔχηι φόβαGG? πορφύρωι κατελιξαμένα ἔμμεναι μάλα τοῦτο GG? ἀλλὰ ξανθοτέραις ἔχηG? ταὶς κόμαις δάιδος προG? στεφάνοισιν ἐπαρτιαG? ἀνθέων ἐριθαλέων ·,Sappho,139,"7bc
 6bc",plural,ExD
δάμεισα,"γλύκηα μᾶτερ , οὔτοι δύναμαι κρέκην τὸν ἴστον πόθωι δάμεισα παῖδος βραδίναν δι’ Ἀφροδίταν",Sappho,148,"7bc
 6bc",singular,ADV
θεμένα,Gεν τὸ γὰρ ἐννεπεGη προβG? Gατε τὰν εὔποδα νύμφαν G? G?τα παῖδα Κρονίδα τὰν ἰόκολπον G? Gς ὄργαν θεμένα τὰν ἰόκολπος αG? G?G2ἄγναι Χάριτες Πιέριδές τε Μοῖσαι G?GG? .,Sappho,149,"7bc
 6bc",singular,ExD
θεμένα,"ὄπποτ’ ἀοιδαὶ φρένG3ανGG? G?σαιοισα λιγύραν ἀοίδαν G? γάμβρον , ἄσαροι γὰρ ὐμαλικG? G?σε φόβαισι θεμένα λύρα GG? G?G2η χρυσοπέδιλλος Αὔως G? G?G2 στίχοι ρλG? G? μετὰ τὴν πρώτην G? G?φέρονται ἐπιγεγραG? G? ἐπιθαλάμια G?Gυβλίου καὶ βέλτιον G? G?ροπG4G2GεGG?",Sappho,150,"7bc
 6bc",singular,ExD
φέρων,"Ἔσπερε πάντα φέρων ὄσα φαίνολις ἐσκέδασ’ Αὔως , φέρεις ὄιν , φέρεις αἶγα , φέρεις ἄπυ † μάτερι παῖδα .",Sappho,152,"7bc
 6bc",singular,ADV
λίποισα,"παρθενία , παρθενία , ποῖ με λίποισα οἴχηι ;",Sappho,170,"7bc
 6bc",singular,ADV
στάλασσον,E αἰμιτύβιον στάλασσον,Sappho,176,"7bc
 6bc",singular,ATR
ἔων,ἀλλ’ ἔων φίλος ἄμμι λέχος ἄρνυσο νεώτερον ·,Sappho,178,"7bc
 6bc",singular,ADV
ἔοισα,οὐ γὰρ τλάσομ’ ἔγω συνοίκην ἔοισα γεραιτέρα,Sappho,179,"7bc
 6bc",singular,ADV
ἀμέργοισαν,E ἄνθε’ ἀμέργοισαν παῖδ’ ἄγαν ἀπάλαν,Sappho,180,"7bc
 6bc",singular,ADV
λίποισαι,E δεῦρο δη- δηὖτε Μοῖσαι χρύσιον λίποισαι,Sappho,185,"7bc
 6bc",plural,ADV
ἔχοισα,"E E ἔστι μοι κάλα πάις χρυσίοισιν ἀνθέμοισιν ἐμφέρην ἔχοισα μόρφαν Κλέις ἀγαπάτα , ἀντὶ τᾶς ἐγω- ἔγωὐ -δὲ Λυδίαν παῖσαν οὐ -δ’ ἐράνναν",Sappho,190,"7bc
 6bc",singular,ADV
ἔλων,κῆ δ’ ἀμβροσίας μὲν κράτηρ ἐκέκρατ’ Ἔρμαις δ’ ἔλων ὄλπιν θέοισ’ ὠινοχόαισε .,Sappho,201,"7bc
 6bc",singular,ADV
κεκορημένοις,E μάλα δὴ κεκορημένοις Γόργως,Sappho,205,"7bc
 6bc",plural,ADV
μεμειχμένα,E παντοδάπαισι μεμειχμένα χροίαισιν,Sappho,214,"7bc
 6bc",singular,ADV
σκιδναμένας,E σκιδναμένας ἐν στήθεσιν ὄργας πεφύλαχθαι γλῶσσαν μαψυλάκαν,Sappho,220,"7bc
 6bc",singular,ADV
πεπυκάδμενον,φαῖσι δή ποτα Λήδαν ὐακίνθινον † πεπυκάδμενον εὔρην ὤιον,Sappho,228,"7bc
 6bc",singular,ATR
ἐοῖσα,"παῖδες , ἄφωνος ἐοῖσα τορ’ ἐννέπω , αἴ τις ἔρηται , φωνὰν ἀκαμάταν κατθεμένα πρὸ ποδῶν ·",Sappho,263,"7bc
 6bc",singular,ADV
κατθεμένα,"παῖδες , ἄφωνος ἐοῖσα τορ’ ἐννέπω , αἴ τις ἔρηται , φωνὰν ἀκαμάταν κατθεμένα πρὸ ποδῶν ·",Sappho,263,"7bc
 6bc",singular,ADV
χαρεῖσα,"ᾇ σὺ χαρεῖσα πρόφρων ἁμετέραν εὐκλέισον γενεάν "" .",Sappho,265,"7bc
 6bc",singular,ADV
θανοῦσαν,"E Τιμάδος ἅδε κόνις , τὰν δὴ πρὸ γάμοιο θανοῦσαν δέξατο Φερσεφόνας κυάνεος θάλαμος , ἇς καὶ ἀποφθιμένας πᾶσαι νεοθᾶγι σιδάρῳ ἅλικες ἱμερτὰν κρατὸς ἔθεντο κόμαν .",Sappho,266,"7bc
 6bc",singular,ADV
ἀποφθιμένας,"E Τιμάδος ἅδε κόνις , τὰν δὴ πρὸ γάμοιο θανοῦσαν δέξατο Φερσεφόνας κυάνεος θάλαμος , ἇς καὶ ἀποφθιμένας πᾶσαι νεοθᾶγι σιδάρῳ ἅλικες ἱμερτὰν κρατὸς ἔθεντο κόμαν .",Sappho,266,"7bc
 6bc",singular,ADV
Sappho-verb-infinitive: http://127.0.0.1:9999/search/word.html?text_corpus=literature_verse&text_author=Sappho&word_pos=Verb&start=0&word_mood=infinitive,,,,,,
γένεσθαι,"σὺ δ’ , ὦ μάκαιρα , μειδιαίσαισ’ ἀθανάτωι προσώπωι ἤρε’ ὄττι δη- δηὖτε πέπονθα κα- κὤττι δη- δηὖτε κάλημμι κα- κὤττι μοι μάλιστα θέλω γένεσθαι μαινόλαι θύμωι ·",Sappho,4,"7bc
 6bc",,OBJ
ἴκεσθαι,"Κύπρι καὶ Νηρήιδες ἀβλάβην μοι τὸν κασίγνητον δότε τυίδ’ ἴκεσθαι κα- κὤσσα ϝοι θύμωι κε θέληι γένεσθαι πάντα τελέσθην , ὄσσα δὲ πρόσθ’ ἄμβροτε πάντα λῦσαι καὶ φίλοισι ϝοῖσι χάραν γένεσθαι νῦν πόνον τ’ ἔχθροισι , γένοιτο δ’ ἄμμι μήκετι μη -δ’ εἴς ·",Sappho,18,"7bc
 6bc",,OBJ_CO
τελέσθην,"Κύπρι καὶ Νηρήιδες ἀβλάβην μοι τὸν κασίγνητον δότε τυίδ’ ἴκεσθαι κα- κὤσσα ϝοι θύμωι κε θέληι γένεσθαι πάντα τελέσθην , ὄσσα δὲ πρόσθ’ ἄμβροτε πάντα λῦσαι καὶ φίλοισι ϝοῖσι χάραν γένεσθαι νῦν πόνον τ’ ἔχθροισι , γένοιτο δ’ ἄμμι μήκετι μη -δ’ εἴς ·",Sappho,18,"7bc
 6bc",,OBJ_CO
γένεσθαι,"Κύπρι καὶ Νηρήιδες ἀβλάβην μοι τὸν κασίγνητον δότε τυίδ’ ἴκεσθαι κα- κὤσσα ϝοι θύμωι κε θέληι γένεσθαι πάντα τελέσθην , ὄσσα δὲ πρόσθ’ ἄμβροτε πάντα λῦσαι καὶ φίλοισι ϝοῖσι χάραν γένεσθαι νῦν πόνον τ’ ἔχθροισι , γένοιτο δ’ ἄμμι μήκετι μη -δ’ εἴς ·",Sappho,18,"7bc
 6bc",,OBJ_CO
λῦσαι,"Κύπρι καὶ Νηρήιδες ἀβλάβην μοι τὸν κασίγνητον δότε τυίδ’ ἴκεσθαι κα- κὤσσα ϝοι θύμωι κε θέληι γένεσθαι πάντα τελέσθην , ὄσσα δὲ πρόσθ’ ἄμβροτε πάντα λῦσαι καὶ φίλοισι ϝοῖσι χάραν γένεσθαι νῦν πόνον τ’ ἔχθροισι , γένοιτο δ’ ἄμμι μήκετι μη -δ’ εἴς ·",Sappho,18,"7bc
 6bc",,OBJ_CO
γένεσθαι,"Κύπρι καὶ Νηρήιδες ἀβλάβην μοι τὸν κασίγνητον δότε τυίδ’ ἴκεσθαι κα- κὤσσα ϝοι θύμωι κε θέληι γένεσθαι πάντα τελέσθην , ὄσσα δὲ πρόσθ’ ἄμβροτε πάντα λῦσαι καὶ φίλοισι ϝοῖσι χάραν γένεσθαι νῦν πόνον τ’ ἔχθροισι , γένοιτο δ’ ἄμμι μήκετι μη -δ’ εἴς ·",Sappho,18,"7bc
 6bc",,OBJ_CO
πόησθαι,"τὰν κασιγνήταν δὲ θέλοι πόησθαι ἔμμορον τίμας , ὀνίαν δὲ λύγραν ἐκλύοιτ’ , ὄτοισι πάροιθ’ ἀχεύων τω- τὦμον ἐδάμνα κῆρ ὀνείδισμ’ εἰσαΐων τὸ κέγχρω G?λεπαγG3αι πολίταν G?λλωσG3νηκε δ’ αὖτ’ οὐ G?κρωG? G?οναικG?εοG?Gι G?G2Gν ·",Sappho,19,"7bc
 6bc",,OBJ
ἔμμεναι,"E E E οἰ μὲν ἰππήων στρότον οἰ δὲ πέσδων οἰ δὲ νάων φαῖσ’ ἐπὶ γᾶν μέλαιναν ἔμμεναι κάλλιστον , ἔγω δὲ κῆν’ ὄττω τις ἔραται ·",Sappho,24,"7bc
 6bc",,OBJ
πόησαι,"E πάγχυ δ’ εὔμαρες σύνετον πόησαι πάντι τοῦτ’ , ἀ γὰρ πόλυ περσκέθοισα κάλλος ἀνθρώπων Ἐλένα τὸν ἄνδρα τὸν πανάριστον καλλίποισ’ ἔβα ’ς Τροΐαν πλέοισα κα- κωὐ -δὲ παῖδος οὐ -δὲ φίλων τοκήων πάμπαν ἐμνάσθη , ἀλλὰ παράγαγ’ αὔταν Κύπρις ἔραισαν .",Sappho,25,"7bc
 6bc",,SBJ
ἴδην,"G?αμπτον γὰρ G? G?G3κούφως τG?οηGGν κα- κἄμε νῦν Ἀνακτορίας ὀνέμναισ’ οὐ παρεοίσας , τᾶς κε βολλοίμαν ἔρατόν τε βᾶμα κα- κἀμάρυχμα λάμπρον ἴδην προσώπω ἢ τὰ Λύδων ἄρματα κα- κἀν ὄπλοισι πεσδομάχεντας .",Sappho,26,"7bc
 6bc",,OBJ
γένεσθαι,E G?Gμεν οὐ δύνατον γένεσθαι G?Gν ἀνθρωπG3πεδέχην δ’ ἄρασθαι G? G? G? G? G? προσG? ὠσδG? G2GG? GGGωλGG? τ’ ἐξ ἀδοκήτG?,Sappho,27,"7bc
 6bc",,SBJ_CO
ἄρασθαι,E G?Gμεν οὐ δύνατον γένεσθαι G?Gν ἀνθρωπG3πεδέχην δ’ ἄρασθαι G? G? G? G? G? προσG? ὠσδG? G2GG? GGGωλGG? τ’ ἐξ ἀδοκήτG?,Sappho,27,"7bc
 6bc",,SBJ_CO
κρέτησαι,"G?επιGεσμαG? G?ε , γάνος δὲ καιG2G? G? G? τύχαι σὺν ἔσλαιG?Gενος κρέτησαι G?ας μελαίνας G? G?έλοισι ναῦται G? μεγάλαις ἀήταις G?α κα- κἀπὶ χέρσω G? G?μοθεν πλέοιGG? G?δετα φόρτι’ εἰκG? G?νατιμ’ ἐπεὶ κGG? G? G?ρέοντι πόλλG2G? G?αιδέκαG? G?ει G? G?ιν ἔργα G? χέρσω G? G?Gα G? G?G2G?",Sappho,30,"7bc
 6bc",,ExD
ἐίσκην,"G? ἔρωτος ἠλπG? G? G?τιον εἰσίδωσG? G? Ἐρμιόνα τεαυταG? G? ξάνθαι δ’ Ἐλέναι σ’ ἐίσκην G?κες Gις θνάταις , τόδε δ’ ἴσθι , τὰι σᾶι παίσαν κέ με τὰν μερίμναν G?λαισ’ ἀντιδG2Gαθοις δὲ G? G?τας ὄχθοις G?ταιν G? παννυχίσδην",Sappho,35,"7bc
 6bc",,ExD
παννυχίσδην,"G? ἔρωτος ἠλπG? G? G?τιον εἰσίδωσG? G? Ἐρμιόνα τεαυταG? G? ξάνθαι δ’ Ἐλέναι σ’ ἐίσκην G?κες Gις θνάταις , τόδε δ’ ἴσθι , τὰι σᾶι παίσαν κέ με τὰν μερίμναν G?λαισ’ ἀντιδG2Gαθοις δὲ G? G?τας ὄχθοις G?ταιν G? παννυχίσδην",Sappho,35,"7bc
 6bc",,ExD
ζάλεξαι,"καὶ γὰρ Gη σὺ πάις ποτG? G3ικης μέλπεσθ’ ἄγι ταῦτα G? G2 ζάλεξαι , κα- κἄμμ’ ἀπὺ τωδεκG? Gδρα χάρισσαι ·",Sappho,39,"7bc
 6bc",,ExD
χάρισσαι,"καὶ γὰρ Gη σὺ πάις ποτG? G3ικης μέλπεσθ’ ἄγι ταῦτα G? G2 ζάλεξαι , κα- κἄμμ’ ἀπὺ τωδεκG? Gδρα χάρισσαι ·",Sappho,39,"7bc
 6bc",,ExD
ἔμμεν’,"φαίνεταί μοι κῆνος ἴσος θέοισιν ἔμμεν’ ὤνηρ , ὄττις ἐνάντιός τοι ἰσδάνει καὶ πλάσιον ἆδυ φωνείσας ὐπακούει καὶ γελαίσας ἰμέροεν , τό μ’ ἦ μὰν καρδίαν ἐν στήθεσιν ἐπτόαισεν , ὠς γὰρ ἔς σ’ ἴδω βρόχε’ ὤς με φώναισ’ οὐ -δ’ ἒν ἔτ’ εἴκει , ἀλλ’ ἄκαν μὲν γλῶσσα ἔαγε λέπτον δ’ αὔτικα χρῶι πῦρ ὐπαδεδρόμηκεν , ὀππάτεσσι δ’ οὐ -δ’ ἒν ὄρημμ’ , ἐπιρρόμβεισι δ’ ἄκουαι , ἐκ δέ μ’ ἴδρως κακχέεται τρόμος δὲ παῖσαν ἄγρει , χλωροτέρα δὲ ποίας ἔμμι , τεθνάκην δ’ ὀλίγω ’πιδεύης φαίνομ’ ἔμ’ αὔται ·",Sappho,44,"7bc
 6bc",,SBJ
φώναισ’,"φαίνεταί μοι κῆνος ἴσος θέοισιν ἔμμεν’ ὤνηρ , ὄττις ἐνάντιός τοι ἰσδάνει καὶ πλάσιον ἆδυ φωνείσας ὐπακούει καὶ γελαίσας ἰμέροεν , τό μ’ ἦ μὰν καρδίαν ἐν στήθεσιν ἐπτόαισεν , ὠς γὰρ ἔς σ’ ἴδω βρόχε’ ὤς με φώναισ’ οὐ -δ’ ἒν ἔτ’ εἴκει , ἀλλ’ ἄκαν μὲν γλῶσσα ἔαγε λέπτον δ’ αὔτικα χρῶι πῦρ ὐπαδεδρόμηκεν , ὀππάτεσσι δ’ οὐ -δ’ ἒν ὄρημμ’ , ἐπιρρόμβεισι δ’ ἄκουαι , ἐκ δέ μ’ ἴδρως κακχέεται τρόμος δὲ παῖσαν ἄγρει , χλωροτέρα δὲ ποίας ἔμμι , τεθνάκην δ’ ὀλίγω ’πιδεύης φαίνομ’ ἔμ’ αὔται ·",Sappho,44,"7bc
 6bc",,SBJ
τεθνάκην,"φαίνεταί μοι κῆνος ἴσος θέοισιν ἔμμεν’ ὤνηρ , ὄττις ἐνάντιός τοι ἰσδάνει καὶ πλάσιον ἆδυ φωνείσας ὐπακούει καὶ γελαίσας ἰμέροεν , τό μ’ ἦ μὰν καρδίαν ἐν στήθεσιν ἐπτόαισεν , ὠς γὰρ ἔς σ’ ἴδω βρόχε’ ὤς με φώναισ’ οὐ -δ’ ἒν ἔτ’ εἴκει , ἀλλ’ ἄκαν μὲν γλῶσσα ἔαγε λέπτον δ’ αὔτικα χρῶι πῦρ ὐπαδεδρόμηκεν , ὀππάτεσσι δ’ οὐ -δ’ ἒν ὄρημμ’ , ἐπιρρόμβεισι δ’ ἄκουαι , ἐκ δέ μ’ ἴδρως κακχέεται τρόμος δὲ παῖσαν ἄγρει , χλωροτέρα δὲ ποίας ἔμμι , τεθνάκην δ’ ὀλίγω ’πιδεύης φαίνομ’ ἔμ’ αὔται ·",Sappho,44,"7bc
 6bc",,OBJ
ἔμμεν’,"ἠράμαν μὲν ἔγω σέθεν , Ἄτθι , πάλαι ποτά σμίκρα μοι πάις ἔμμεν’ ἐφαίνεο κα- κἄχαρις .",Sappho,78,"7bc
 6bc",,OBJ
ἴδην,"ὀ μὲν γὰρ κάλος ὄσσον ἴδην πέλεται κάλος , ὀ δὲ κα- κἄγαθος αὔτικα καὶ κάλος ἔσσεται .",Sappho,79,"7bc
 6bc",,ADV
ψαύην,ψαύην δ’ οὐ δοκίμωμ’ ὀράνω δυσπαχέα †,Sappho,82,"7bc
 6bc",,OBJ
ἔσσεσθαι,οὐ -δ’ ἴαν δοκίμωμι προσίδοισαν φάος ἀλίω ἔσσεσθαι σοφίαν πάρθενον εἰς οὐδένα πω χρόνον τεαύταν,Sappho,88,"7bc
 6bc",,OBJ
ἔλκην,τίς δ’ ἀγροΐωτις θέλγει νόον ἀγροΐωτιν ἐπεμμένα σπόλαν οὐκ ἐπισταμένα τὰ βράκε’ ἔλκην ἐπὶ τὼν σφύρων ;,Sappho,89,"7bc
 6bc",,OBJ
γένεσθαι,"E G? οὐ δύνατον γένεσθαι G? βροδόπαχυν Αὔων G? ἔσχατα γᾶς φέροισα G? G?ον ὔμως ἔμαρψε G? G?άταν ἄκοιτιν G?ιμέναν νομίσδει G?αις ὀπάσδοι ἔγω δὲ φίλημμ’ ἀβροσύναν , G? .",Sappho,91,"7bc
 6bc",,SBJ
τύχην,"G? τύχοισα G? θέλ’ ὦν τ’ ἀπαίσαν G?Gεσον νόημμα G?έτων κάλημμιG? πεδὰ θῦμον αἶψα G? ὄσσα τύχην θελήσηις G?ρ ἔμοι μάχεσθαι χλιδάναι πίθεισαG? G?ι , σὺ δ’ εὖ γὰρ οἶσθα G?έτει ταGGλεG2 G?κλασG?",Sappho,93,"7bc
 6bc",,OBJ
μάχεσθαι,"G? τύχοισα G? θέλ’ ὦν τ’ ἀπαίσαν G?Gεσον νόημμα G?έτων κάλημμιG? πεδὰ θῦμον αἶψα G? ὄσσα τύχην θελήσηις G?ρ ἔμοι μάχεσθαι χλιδάναι πίθεισαG? G?ι , σὺ δ’ εὖ γὰρ οἶσθα G?έτει ταGGλεG2 G?κλασG?",Sappho,93,"7bc
 6bc",,ExD
ἴκεσθ’,ἐκλG? ψύχα δ’ ἀγαπάτασυG τέαυτα δὲ νῦν ἔμμG? ἴκεσθ’ ἀγαναG? ἔφθατε ·,Sappho,95,"7bc
 6bc",,ExD
ἔχην,"Ὄνοιρε μελαιναG? φοίταις ὄτα τ’ ὔπνος G? γλύκυς θέος , ἦ δεῖν’ ὀνίας μG? ζὰ χῶρις ἔχην τὰν δυναμG? .",Sappho,97,"7bc
 6bc",,ExD
πεδέχην,ἔλπις δέ μ’ ἔχει μὴ πεδέχην μηδὲν μακάρων ἐλG? οὐ γάρ κ’ ἔον οὔτωG ἀθύρματα καGG? γένοιτο δέ μοιG? τοὶς πάνταG?,Sappho,98,"7bc
 6bc",,APOS
φέρεσθαι,οὐδυG? G?Gάσδοισ’ ὀλιγαG? G?Gένα φέρεσθαι G?Gφια τισG3G? G?Gδ’ ἄδιον εἰσορG? G? οἶσθα κα- καὔτα ·,Sappho,114,"7bc
 6bc",,ExD
μελήσην,ἔγω τε γαρG? G?μ’ ἆς κεν ἔνηι μ’G? G?αι μελήσην ·,Sappho,117,"7bc
 6bc",,ExD
γένεσθαι,G? φίλα φαῖμ’ ἐχύρα γένεσθαι G?εναGαις ·,Sappho,118,"7bc
 6bc",,OBJ
τεθνάκην,τεθνάκην δ’ ἀδόλως θέλω ·,Sappho,123,"7bc
 6bc",,OBJ
κατθάνην,"ὦ δέσποτ’ , ἐπGG? οὐ μὰ γὰρ μάκαιραν G? οὐδὲν ἄδομ’ ἔπαρθ’ ἀγαG? κατθάνην δ’ ἴμερός τις G? ἔχει με καὶ λωτίνοις δροσόεντας G? ὄχθοις ἴδην ἈχερG? GG2δεσαιδ’GG? GG2δετοGG? μητιG2G?",Sappho,130,"7bc
 6bc",,ExD
ἴδην,"ὦ δέσποτ’ , ἐπGG? οὐ μὰ γὰρ μάκαιραν G? οὐδὲν ἄδομ’ ἔπαρθ’ ἀγαG? κατθάνην δ’ ἴμερός τις G? ἔχει με καὶ λωτίνοις δροσόεντας G? ὄχθοις ἴδην ἈχερG? GG2δεσαιδ’GG? GG2δετοGG? μητιG2G?",Sappho,130,"7bc
 6bc",,ExD
ἔλθην,κῆθι δ’ ἔλθην ἀμμGG2G2ισα τόδ’ οὐ νῶντ’ ἀG2υστονυμG3 πόλυς γαρύει G3αλονG6Gο μέσσον ·,Sappho,136,"7bc
 6bc",,ExD
ἐξίσωσθαι,εὔμαρες μὲν οὐκ αGμι θέαισι μόρφαν ἐπήρατον ἐξίσωσθαι συG2ρος ἔχηισθ’ ἀG3Gνίδηον G?τοG4ρατιμαλG?Gερος καὶ δGμG?ος Ἀφροδίτα καμG? νέκταρ ἔχευ’ ἀπὺ χρυσίας G?ναν G4απουρG? χέρσι Πείθω G?θG2ησενη G?ακις G?G6αι G?ες τὸ Γεραίστιον G?ν φίλαι G?υστον οὐδενοG? G?ερον ἰξομG?,Sappho,137,"7bc
 6bc",,ExD
ἔμμεναι,ἀ γάρ με γένναG? GGας ἐπ’ ἀλικίας μεγG? κόσμον αἴ τις ἔχηι φόβαGG? πορφύρωι κατελιξαμένα ἔμμεναι μάλα τοῦτο GG? ἀλλὰ ξανθοτέραις ἔχηG? ταὶς κόμαις δάιδος προG? στεφάνοισιν ἐπαρτιαG? ἀνθέων ἐριθαλέων ·,Sappho,139,"7bc
 6bc",,ExD
ἔχην,G?GG? παιGαGειον ἔχην ποGG? αἰκεGη ποικιλασκG4G? ταῦτα τὰς ΚλεανακτιδαG? φύγας G2ισαπολισεχει † μνάματ’ ·,Sappho,144,"7bc
 6bc",,ExD
κρέκην,"γλύκηα μᾶτερ , οὔτοι δύναμαι κρέκην τὸν ἴστον πόθωι δάμεισα παῖδος βραδίναν δι’ Ἀφροδίταν",Sappho,148,"7bc
 6bc",,OBJ
ἐπίκεσθαι,"οἶον τὸ γλυκύμαλον ἐρεύθεται ἄκρωι ἐπ’ ὔσδωι , ἄκρον ἐπ’ ἀκροτάτωι , λελάθοντο δὲ μαλοδρόπηες , οὐ μὰν ἐκλελάθοντ’ , ἀλλ’ οὐκ ἐδύναντ’ ἐπίκεσθαι",Sappho,154,"7bc
 6bc",,OBJ
φροντίσδην,"Ἄτθι , σοὶ δ’ ἔμεθεν μὲν ἀπήχθετο φροντίσδην , ἐπὶ δ’ Ἀνδρομέδαν πόται",Sappho,189,"7bc
 6bc",,SBJ
εἴπην,"θέλω τί τ’ εἴπην , ἀλλά με κωλύει αἴδως .",Sappho,195,"7bc
 6bc",,OBJ
εἴπην,"αἰ δ’ ἦχες ἔσλων ἴμερον ἢ κάλων καὶ μή τί τ’ εἴπην γλῶσσ’ ἐκύκα κάκον , αἴδως κέν σε οὐκ † ἦχεν ὄππατ’ ἀλλ’ ἔλεγες περὶ τὼ δικαίω †",Sappho,196,"7bc
 6bc",,ADV
μνάσασθαί,μνάσασθαί τινά φαιμι καὶ ἕτερον † ἀμμέων,Sappho,208,"7bc
 6bc",,OBJ
ἔμμεν’,E οὐ γὰρ θέμις ἐν μοισοπόλων οἰκίαι θρῆνον ἔμμεν’ ·,Sappho,211,"7bc
 6bc",,SBJ
χαίρην,E πόλλα μοι τὰν Πωλυανάκτιδα παῖδα χαίρην,Sappho,217,"7bc
 6bc",,OBJ
πεφύλαχθαι,E σκιδναμένας ἐν στήθεσιν ὄργας πεφύλαχθαι γλῶσσαν μαψυλάκαν,Sappho,220,"7bc
 6bc",,OBJ
εὔρην,φαῖσι δή ποτα Λήδαν ὐακίνθινον † πεπυκάδμενον εὔρην ὤιον,Sappho,228,"7bc
 6bc",,OBJ
Sappho-verb-imperative: http://127.0.0.1:9999/search/word.html?text_corpus=literature_verse&text_author=Sappho&word_pos=Verb&start=0&word_mood=imperative,,,,,,
δάμνα,"ποικιλόθρον’ ἀθανάτ’ Ἀφρόδιτα , παῖ Δίος δολόπλοκε , λίσσομαί σε , μή μ’ ἄσαισι μη -δ’ ὀνίαισι δάμνα , πότνια , θῦμον , ἀλλὰ τυίδ’ ἔλθ’ , αἴ ποτα κα- κἀτέρωτα τὰς ἔμας αὔδας ἀίοισα πήλοι ἔκλυες , πάτρος δὲ δόμον λίποισα χρύσιον ἦλθες ἄρμ’ ὐπασδεύξαισα ·",Sappho,1,"7bc
 6bc",singular,ADV_CO
ἔλθ’,"ποικιλόθρον’ ἀθανάτ’ Ἀφρόδιτα , παῖ Δίος δολόπλοκε , λίσσομαί σε , μή μ’ ἄσαισι μη -δ’ ὀνίαισι δάμνα , πότνια , θῦμον , ἀλλὰ τυίδ’ ἔλθ’ , αἴ ποτα κα- κἀτέρωτα τὰς ἔμας αὔδας ἀίοισα πήλοι ἔκλυες , πάτρος δὲ δόμον λίποισα χρύσιον ἦλθες ἄρμ’ ὐπασδεύξαισα ·",Sappho,1,"7bc
 6bc",singular,ADV_CO
ἔλθε,"ἔλθε μοι καὶ νῦν , χαλέπαν δὲ λῦσον ἐκ μερίμναν , ὄσσα δέ μοι τέλεσσαι θῦμος ἰμέρρει , τέλεσον , σὺ δ’ αὔτα σύμμαχος ἔσσο .",Sappho,8,"7bc
 6bc",singular,PRED_CO
λῦσον,"ἔλθε μοι καὶ νῦν , χαλέπαν δὲ λῦσον ἐκ μερίμναν , ὄσσα δέ μοι τέλεσσαι θῦμος ἰμέρρει , τέλεσον , σὺ δ’ αὔτα σύμμαχος ἔσσο .",Sappho,8,"7bc
 6bc",singular,PRED_CO
τέλεσσαι,"ἔλθε μοι καὶ νῦν , χαλέπαν δὲ λῦσον ἐκ μερίμναν , ὄσσα δέ μοι τέλεσσαι θῦμος ἰμέρρει , τέλεσον , σὺ δ’ αὔτα σύμμαχος ἔσσο .",Sappho,8,"7bc
 6bc",singular,PRED_CO
τέλεσον,"ἔλθε μοι καὶ νῦν , χαλέπαν δὲ λῦσον ἐκ μερίμναν , ὄσσα δέ μοι τέλεσσαι θῦμος ἰμέρρει , τέλεσον , σὺ δ’ αὔτα σύμμαχος ἔσσο .",Sappho,8,"7bc
 6bc",singular,PRED_CO
ἔσσο,"ἔλθε μοι καὶ νῦν , χαλέπαν δὲ λῦσον ἐκ μερίμναν , ὄσσα δέ μοι τέλεσσαι θῦμος ἰμέρρει , τέλεσον , σὺ δ’ αὔτα σύμμαχος ἔσσο .",Sappho,8,"7bc
 6bc",singular,PRED_CO
οἰνοχόαισον,ἔνθα δὴ σὺ στέμματ’ ἔλοισα Κύπρι χρυσίαισιν ἐν κυλίκεσσιν ἄβρως ὀμμεμείχμενον θαλίαισι νέκταρ οἰνοχόαισον,Sappho,12,"7bc
 6bc",singular,PRED
δότε,"Κύπρι καὶ Νηρήιδες ἀβλάβην μοι τὸν κασίγνητον δότε τυίδ’ ἴκεσθαι κα- κὤσσα ϝοι θύμωι κε θέληι γένεσθαι πάντα τελέσθην , ὄσσα δὲ πρόσθ’ ἄμβροτε πάντα λῦσαι καὶ φίλοισι ϝοῖσι χάραν γένεσθαι νῦν πόνον τ’ ἔχθροισι , γένοιτο δ’ ἄμμι μήκετι μη -δ’ εἴς ·",Sappho,18,"7bc
 6bc",plural,PRED_CO
ἄεισον,"G? G?GεπαβολησG? G?ανδ’ ὄλοφυνG4εG G? τρομέροις πGG2αλλα G? G? χρόα γῆρας ἤδη G?ν ἀμφιβάσκει G?ς πέταται διώκων G? G?τας ἀγαύας G?εα , λάβοισα G? ἄεισον ἄμμι τὰν ἰόκολπον .",Sappho,31,"7bc
 6bc",singular,ExD
ἴσθι,"G? ἔρωτος ἠλπG? G? G?τιον εἰσίδωσG? G? Ἐρμιόνα τεαυταG? G? ξάνθαι δ’ Ἐλέναι σ’ ἐίσκην G?κες Gις θνάταις , τόδε δ’ ἴσθι , τὰι σᾶι παίσαν κέ με τὰν μερίμναν G?λαισ’ ἀντιδG2Gαθοις δὲ G? G?τας ὄχθοις G?ταιν G? παννυχίσδην",Sappho,35,"7bc
 6bc",singular,PRED_CO
μέλπεσθ’,"καὶ γὰρ Gη σὺ πάις ποτG? G3ικης μέλπεσθ’ ἄγι ταῦτα G? G2 ζάλεξαι , κα- κἄμμ’ ἀπὺ τωδεκG? Gδρα χάρισσαι ·",Sappho,39,"7bc
 6bc",plural,ExD
ἄγι,"καὶ γὰρ Gη σὺ πάις ποτG? G3ικης μέλπεσθ’ ἄγι ταῦτα G? G2 ζάλεξαι , κα- κἄμμ’ ἀπὺ τωδεκG? Gδρα χάρισσαι ·",Sappho,39,"7bc
 6bc",singular,ExD
ἄππεμπε,"εὖ δεG? καὶ σὺ τοῦτ’ , ἀλλ’ ὄττι τάχιστα G? παρθένοις ἄππεμπε , θέοι G? G?εν ἔχοιεν G? ὄδος μέγαν εἰς Ὄλυμπον G? ἀνθρωπG? G?αίκGG?",Sappho,41,"7bc
 6bc",singular,PRED_CO
στεῖχε,"E E ἀλλ’ ἐγέρθεις , ἠϊθέοις στεῖχε σοὶς ὐμάλικας ἤπερ ὄσσον ἀ λιγύφωνος ὔπνον ἴδωμεν",Sappho,43,"7bc
 6bc",singular,PRED_CO
κλόνει,"E G? G?λεται G?καλος G?G ἄκαλα κλόνει G? κάματος φρένα G?ε κατισδάνει G? ἀλλ’ ἄγιτ’ , ὦ φίλαι , G? , ἄγχι γὰρ ἀμέρα .",Sappho,58,"7bc
 6bc",singular,PRED_CO
ἄγιτ’,"E G? G?λεται G?καλος G?G ἄκαλα κλόνει G? κάματος φρένα G?ε κατισδάνει G? ἀλλ’ ἄγιτ’ , ὦ φίλαι , G? , ἄγχι γὰρ ἀμέρα .",Sappho,58,"7bc
 6bc",plural,PRED_CO
θέλετ’,E ἆς θέλετ’ ὔμμες,Sappho,73,"7bc
 6bc",plural,ADV
θέλ’,"G? τύχοισα G? θέλ’ ὦν τ’ ἀπαίσαν G?Gεσον νόημμα G?έτων κάλημμιG? πεδὰ θῦμον αἶψα G? ὄσσα τύχην θελήσηις G?ρ ἔμοι μάχεσθαι χλιδάναι πίθεισαG? G?ι , σὺ δ’ εὖ γὰρ οἶσθα G?έτει ταGGλεG2 G?κλασG?",Sappho,93,"7bc
 6bc",singular,PRED_CO
κλῦθί,G?GακάλαGG? G? αἰγιόχω λαG? G Κυθέρη’ εG2ομG? G?ον ἔχοισα θῦμον κλῦθί μ’ ἄρας αἴπG? G?ας προλίποισα κG? G?G πέδ’ ἔμαν ἰώG? G?Gν χαλέπαιGG?,Sappho,112,"7bc
 6bc",singular,PRED
λέλαθ’,G? λέλαθ’ ἀλλονιάG? G?Gαν ·,Sappho,115,"7bc
 6bc",singular,PRED
ἴσθ’,ἀτG? G2δ’ ὀνιαρGσG? G πίκρος ὔμG? GGταGθᾶδG? Gα τόδε ἴσθ’ G? G ὤττι σ’ ἐGG? G?α φιλήσωG? G?τω τι λοG? G?σσον γὰρ GG?σθαι βελέων G2G?,Sappho,119,"7bc
 6bc",singular,PRED
ἔρχεο,"χαίροισ’ ἔρχεο κα- κἄμεθεν μέμναισ’ , οἶσθα γὰρ ὤς σε πεδήπομεν ·",Sappho,126,"7bc
 6bc",singular,PRED_CO
μέμναισ’,"χαίροισ’ ἔρχεο κα- κἄμεθεν μέμναισ’ , οἶσθα γὰρ ὤς σε πεδήπομεν ·",Sappho,126,"7bc
 6bc",singular,PRED_CO
ἀέρρετε,ἀέρρετε τέκτονες ἄνδρες ·,Sappho,163,"7bc
 6bc",plural,PRED
χαῖρε,"χαῖρε , νύμφα , χαῖρε , τίμιε γάμβρε , πόλλα",Sappho,174,"7bc
 6bc",singular,PRED_CO
χαῖρε,"χαῖρε , νύμφα , χαῖρε , τίμιε γάμβρε , πόλλα",Sappho,174,"7bc
 6bc",singular,PRED_CO
χαιρέτω,"χαίροις ἀ νύμφα , χαιρέτω δ’ ὀ γάμβρος",Sappho,175,"7bc
 6bc",singular,PRED_CO
ἄρνυσο,ἀλλ’ ἔων φίλος ἄμμι λέχος ἄρνυσο νεώτερον ·,Sappho,178,"7bc
 6bc",singular,PRED
στᾶθι,στᾶθι κα- κἄντα † φίλος καὶ τὰν ἐπ’ ὄσσοισ’ ὀμπέτασον χάριν,Sappho,197,"7bc
 6bc",singular,PRED_CO
ὀμπέτασον,στᾶθι κα- κἄντα † φίλος καὶ τὰν ἐπ’ ὄσσοισ’ ὀμπέτασον χάριν,Sappho,197,"7bc
 6bc",singular,PRED_CO
καττύπτεσθε,"καττύπτεσθε , κόραι , καὶ κατερείκεσθε κίθωνας .",Sappho,200,"7bc
 6bc",plural,PRED_CO
κατερείκεσθε,"καττύπτεσθε , κόραι , καὶ κατερείκεσθε κίθωνας .",Sappho,200,"7bc
 6bc",plural,PRED_CO
κίνη,μὴ κίνη χέραδος,Sappho,206,"7bc
 6bc",singular,PRED
φυλάσσετε,τάνδε φυλάσσετε ἐννεG2οι γάμβροι G5υ πολίων βασίληες,Sappho,223,"7bc
 6bc",plural,PRED
κάλει,τὸν ϝὸν παῖδα κάλει,Sappho,226,"7bc
 6bc",singular,PRED
εὐκλέισον,"ᾇ σὺ χαρεῖσα πρόφρων ἁμετέραν εὐκλέισον γενεάν "" .",Sappho,265,"7bc
 6bc",singular,PRED
Sappho-verb-optative: http://127.0.0.1:9999/search/word.html?text_corpus=literature_verse&text_author=Sappho&word_pos=Verb&start=0&word_mood=optative,,,,,,
ἄσαιο,"ἐπιτGG? G?αν , ἄσαιο .",Sappho,14,"7bc
 6bc",singular,PRED
γένοιτο,"Κύπρι καὶ Νηρήιδες ἀβλάβην μοι τὸν κασίγνητον δότε τυίδ’ ἴκεσθαι κα- κὤσσα ϝοι θύμωι κε θέληι γένεσθαι πάντα τελέσθην , ὄσσα δὲ πρόσθ’ ἄμβροτε πάντα λῦσαι καὶ φίλοισι ϝοῖσι χάραν γένεσθαι νῦν πόνον τ’ ἔχθροισι , γένοιτο δ’ ἄμμι μήκετι μη -δ’ εἴς ·",Sappho,18,"7bc
 6bc",singular,PRED_CO
θέλοι,"τὰν κασιγνήταν δὲ θέλοι πόησθαι ἔμμορον τίμας , ὀνίαν δὲ λύγραν ἐκλύοιτ’ , ὄτοισι πάροιθ’ ἀχεύων τω- τὦμον ἐδάμνα κῆρ ὀνείδισμ’ εἰσαΐων τὸ κέγχρω G?λεπαγG3αι πολίταν G?λλωσG3νηκε δ’ αὖτ’ οὐ G?κρωG? G?οναικG?εοG?Gι G?G2Gν ·",Sappho,19,"7bc
 6bc",singular,PRED_CO
ἐκλύοιτ’,"τὰν κασιγνήταν δὲ θέλοι πόησθαι ἔμμορον τίμας , ὀνίαν δὲ λύγραν ἐκλύοιτ’ , ὄτοισι πάροιθ’ ἀχεύων τω- τὦμον ἐδάμνα κῆρ ὀνείδισμ’ εἰσαΐων τὸ κέγχρω G?λεπαγG3αι πολίταν G?λλωσG3νηκε δ’ αὖτ’ οὐ G?κρωG? G?οναικG?εοG?Gι G?G2Gν ·",Sappho,19,"7bc
 6bc",singular,PRED_CO
ἐπεύροι,Κύπρι καί σε πικροτGαν ἐπεύροι μη -δὲ καυχάσαιτο τόδ’ ἐννέποισα Δωρίχα τὸ δεύτερον ὠς πόθεννον εἰς ἔρον ἦλθε .,Sappho,23,"7bc
 6bc",singular,PRED_CO
καυχάσαιτο,Κύπρι καί σε πικροτGαν ἐπεύροι μη -δὲ καυχάσαιτο τόδ’ ἐννέποισα Δωρίχα τὸ δεύτερον ὠς πόθεννον εἰς ἔρον ἦλθε .,Sappho,23,"7bc
 6bc",singular,PRED_CO
βολλοίμαν,"G?αμπτον γὰρ G? G?G3κούφως τG?οηGGν κα- κἄμε νῦν Ἀνακτορίας ὀνέμναισ’ οὐ παρεοίσας , τᾶς κε βολλοίμαν ἔρατόν τε βᾶμα κα- κἀμάρυχμα λάμπρον ἴδην προσώπω ἢ τὰ Λύδων ἄρματα κα- κἀν ὄπλοισι πεσδομάχεντας .",Sappho,26,"7bc
 6bc",singular,PRED_CO
ἔχοιεν,"εὖ δεG? καὶ σὺ τοῦτ’ , ἀλλ’ ὄττι τάχιστα G? παρθένοις ἄππεμπε , θέοι G? G?εν ἔχοιεν G? ὄδος μέγαν εἰς Ὄλυμπον G? ἀνθρωπG? G?αίκGG?",Sappho,41,"7bc
 6bc",plural,PRED_CO
λαχοίην,"αἴθ’ ἔγω , χρυσοστέφαν’ Ἀφρόδιτα , τόνδε τὸν πάλον λαχοίην",Sappho,47,"7bc
 6bc",singular,PRED
φέροιεν,κὰτ ἔμον στάλαχμον τὸν δ’ ἐπιπλάζοντ’ ἄνεμοι φέροιεν καὶ μελέδωναι .,Sappho,51,"7bc
 6bc",plural,PRED
ποείην,"G?GG? G?GδαG? G? G?Gα G?ύγοισαG? G?GG2G2G?ιδάχθην G?χυ θοιGαλλG7ύταν G?GχθοGGατίGG5εισα G?μένα τανG4ώνυμόν σε G?νι θῆται στύματι πρόκοψιν G?πων κάλα δῶρα παῖδες G? G φιλάοιδον λιγύραν χελύνναν G?ντα χρόα γῆρας ἤδη G?ντο τρίχες ἐκ μελαίναν G?αι , γόνα δ’ οὐ φέροισι G?ησθ’ ἴσα νεβρίοισιν G? ἀλλὰ τί κεν ποείην ;",Sappho,90,"7bc
 6bc",singular,PRED_CO
ὀπάσδοι,"E G? οὐ δύνατον γένεσθαι G? βροδόπαχυν Αὔων G? ἔσχατα γᾶς φέροισα G? G?ον ὔμως ἔμαρψε G? G?άταν ἄκοιτιν G?ιμέναν νομίσδει G?αις ὀπάσδοι ἔγω δὲ φίλημμ’ ἀβροσύναν , G? .",Sappho,91,"7bc
 6bc",singular,PRED_CO
γένοιτο,ἔλπις δέ μ’ ἔχει μὴ πεδέχην μηδὲν μακάρων ἐλG? οὐ γάρ κ’ ἔον οὔτωG ἀθύρματα καGG? γένοιτο δέ μοιG? τοὶς πάνταG?,Sappho,98,"7bc
 6bc",singular,PRED_CO
εἴποι,τιραδG? G?αί τις εἴποι G?Gσαν ·,Sappho,116,"7bc
 6bc",singular,PRED
χαίροις,"χαίροις ἀ νύμφα , χαιρέτω δ’ ὀ γάμβρος",Sappho,175,"7bc
 6bc",singular,PRED_CO
δαύοις,δαύοις ἀπάλας ἐτάρας ἐν στήθεσιν,Sappho,184,"7bc
 6bc",singular,PRED
θεῖμεν,τί κε θεῖμεν ;,Sappho,199,"7bc
 6bc",plural,PRED
πρέποι,οὔ κ’ ἄμμι τάδε πρέποι,Sappho,212,"7bc
 6bc",singular,PRED
ἀγαγοίην,ἀγαγοίην,Sappho,231,"7bc
 6bc",singular,PRED
ἰοίην,ἰοίην,Sappho,246,"7bc
 6bc",singular,PRED
Sappho-verb-subjunctive: http://127.0.0.1:9999/search/word.html?text_corpus=literature_verse&text_author=Sappho&word_pos=Verb&start=0&word_mood=subjunctive,,,,,,
ἦι,"G?θε θῦμον G?μι πάμπαν δύναμαι , ἃς κεν ἦι μοι G?σαντιλάμπην G?λον πρόσωπον .",Sappho,16,"7bc
 6bc",singular,ADV
θέληι,"Κύπρι καὶ Νηρήιδες ἀβλάβην μοι τὸν κασίγνητον δότε τυίδ’ ἴκεσθαι κα- κὤσσα ϝοι θύμωι κε θέληι γένεσθαι πάντα τελέσθην , ὄσσα δὲ πρόσθ’ ἄμβροτε πάντα λῦσαι καὶ φίλοισι ϝοῖσι χάραν γένεσθαι νῦν πόνον τ’ ἔχθροισι , γένοιτο δ’ ἄμμι μήκετι μη -δ’ εἴς ·",Sappho,18,"7bc
 6bc",singular,ATR
θέω,"G?θαμέωG? G? ὄττινας γὰρ εὖ θέω , κῆνοί με μάλιστα πάντων G? σίνονται G? ἀλεμάτG? G?GγονωμG? G?Gιμ’ οὐ πρG? G?αι G? σέ , θέλωG? G?τοπάθηG? G?Gαν , ἔγω δ’ ἔμ’ αὔται G? τοῦτο συνοίδα G?GGGτοισG3GG? G?εναμG? G?GGGG?",Sappho,36,"7bc
 6bc",singular,ATR
ἴδωμεν,"E E ἀλλ’ ἐγέρθεις , ἠϊθέοις στεῖχε σοὶς ὐμάλικας ἤπερ ὄσσον ἀ λιγύφωνος ὔπνον ἴδωμεν",Sappho,43,"7bc
 6bc",plural,PRED_CO
ἴδω,"φαίνεταί μοι κῆνος ἴσος θέοισιν ἔμμεν’ ὤνηρ , ὄττις ἐνάντιός τοι ἰσδάνει καὶ πλάσιον ἆδυ φωνείσας ὐπακούει καὶ γελαίσας ἰμέροεν , τό μ’ ἦ μὰν καρδίαν ἐν στήθεσιν ἐπτόαισεν , ὠς γὰρ ἔς σ’ ἴδω βρόχε’ ὤς με φώναισ’ οὐ -δ’ ἒν ἔτ’ εἴκει , ἀλλ’ ἄκαν μὲν γλῶσσα ἔαγε λέπτον δ’ αὔτικα χρῶι πῦρ ὐπαδεδρόμηκεν , ὀππάτεσσι δ’ οὐ -δ’ ἒν ὄρημμ’ , ἐπιρρόμβεισι δ’ ἄκουαι , ἐκ δέ μ’ ἴδρως κακχέεται τρόμος δὲ παῖσαν ἄγρει , χλωροτέρα δὲ ποίας ἔμμι , τεθνάκην δ’ ὀλίγω ’πιδεύης φαίνομ’ ἔμ’ αὔται ·",Sappho,44,"7bc
 6bc",singular,ADV
λάμπηι,"ἄστερες μὲν ἀμφὶ κάλαν σελάνναν ἂψ ἀπυκρύπτοισι φάεννον εἶδος , ὄπποτα πλήθοισα μάλιστα λάμπηι γᾶν ἐπὶ παῖσαν G15 ἀργυρία",Sappho,48,"7bc
 6bc",singular,ADV
θέω,οὐκ οἶδ’ ὄττι θέω ·,Sappho,80,"7bc
 6bc",singular,OBJ
πεδέχηις,οὐ γὰρ πεδέχηις βρόδων τὼν ἐκ Πιερίας ·,Sappho,86,"7bc
 6bc",singular,PRED
φοιτάσηις,ἀλλ’ ἀφάνης κα- κἀν Ἀίδα δόμωι φοιτάσηις πεδ’ ἀμαύρων νεκύων ἐκπεποταμένα .,Sappho,87,"7bc
 6bc",singular,PRED
θῆται,"G?GG? G?GδαG? G? G?Gα G?ύγοισαG? G?GG2G2G?ιδάχθην G?χυ θοιGαλλG7ύταν G?GχθοGGατίGG5εισα G?μένα τανG4ώνυμόν σε G?νι θῆται στύματι πρόκοψιν G?πων κάλα δῶρα παῖδες G? G φιλάοιδον λιγύραν χελύνναν G?ντα χρόα γῆρας ἤδη G?ντο τρίχες ἐκ μελαίναν G?αι , γόνα δ’ οὐ φέροισι G?ησθ’ ἴσα νεβρίοισιν G? ἀλλὰ τί κεν ποείην ;",Sappho,90,"7bc
 6bc",singular,PRED_CO
θελήσηις,"G? τύχοισα G? θέλ’ ὦν τ’ ἀπαίσαν G?Gεσον νόημμα G?έτων κάλημμιG? πεδὰ θῦμον αἶψα G? ὄσσα τύχην θελήσηις G?ρ ἔμοι μάχεσθαι χλιδάναι πίθεισαG? G?ι , σὺ δ’ εὖ γὰρ οἶσθα G?έτει ταGGλεG2 G?κλασG?",Sappho,93,"7bc
 6bc",singular,ExD
ἔνηι,ἔγω τε γαρG? G?μ’ ἆς κεν ἔνηι μ’G? G?αι μελήσην ·,Sappho,117,"7bc
 6bc",singular,ExD
ἔχηισθ’,εὔμαρες μὲν οὐκ αGμι θέαισι μόρφαν ἐπήρατον ἐξίσωσθαι συG2ρος ἔχηισθ’ ἀG3Gνίδηον G?τοG4ρατιμαλG?Gερος καὶ δGμG?ος Ἀφροδίτα καμG? νέκταρ ἔχευ’ ἀπὺ χρυσίας G?ναν G4απουρG? χέρσι Πείθω G?θG2ησενη G?ακις G?G6αι G?ες τὸ Γεραίστιον G?ν φίλαι G?υστον οὐδενοG? G?ερον ἰξομG?,Sappho,137,"7bc
 6bc",singular,PRED_CO
ἔχηι,ἀ γάρ με γένναG? GGας ἐπ’ ἀλικίας μεγG? κόσμον αἴ τις ἔχηι φόβαGG? πορφύρωι κατελιξαμένα ἔμμεναι μάλα τοῦτο GG? ἀλλὰ ξανθοτέραις ἔχηG? ταὶς κόμαις δάιδος προG? στεφάνοισιν ἐπαρτιαG? ἀνθέων ἐριθαλέων ·,Sappho,139,"7bc
 6bc",singular,ExD
ἔχηις,"ὄλβιε γάμβρε , σοὶ μὲν δὴ γάμος ὠς ἄραο ἐκτετέλεστ’ , ἔχηις δὲ πάρθενον ἂν † ἄραο .",Sappho,166,"7bc
 6bc",singular,PRED_CO
ἔχηισθα,E ἔμεθεν δ’ ἔχηισθα λάθαν ἤ τιν’ ἄλλον ἀνθρώπων ἔμεθεν φίληισθα,Sappho,187,"7bc
 6bc",singular,PRED_CO
φίληισθα,E ἔμεθεν δ’ ἔχηισθα λάθαν ἤ τιν’ ἄλλον ἀνθρώπων ἔμεθεν φίληισθα,Sappho,187,"7bc
 6bc",singular,PRED_CO