Balbilla-pronoun-lemma=ἐγώ: http://127.0.0.1:9999/search/word.html?text_corpus=literature_verse&text_author=Balbilla&word_pos=Pronoun&start=0&word_lemma=%E1%BC%90%CE%B3%CF%8E,,,,,,,
ἔγω,"ἀλλ’ ἔγω οὐ δοκίμωμι σέθεν τόδ’ ὄ̣λ̣εσθ’ ἂ̣ν ἄγαλμα , ψύχαν δ’ ἀθανάταν λοίπ̣ο̣ν̣ ἔσωσ̣α̣ νόῳ .",Balbilla2,5,"1ad
 2ad",feminine,singular,SBJ
ἔμοι,"εὐσέβεες γὰρ ἔμοι γένεται πάπποι τ’ ἐγένο̣ντο , Βάλβιλλός τ’ ὀ σόφος κ’ Ἀντίοχος βασίλευς , Βάλβιλλος γενέταις μᾶτρος βασιλήϊδος ἄμμας̣ , τῶ πάτε̣ρος δὲ πάτηρ Ἀντίοχος βασίλευς · [0] [1]",Balbilla2,6,"1ad
 2ad",feminine,singular,ATR
ἄγω,"κήνων ἐκ γενέας κʼ ἄγω λόχον αἶμα τὸ κᾶλον , Βαλβίλλας δ’ ἔμεθεν γρόπτα τάδ’ εὐσέβεος . [0]",Balbilla2,7,"1ad
 2ad",feminine,singular,SBJ
ἔμεθεν,"κήνων ἐκ γενέας κʼ ἄγω λόχον αἶμα τὸ κᾶλον , Βαλβίλλας δ’ ἔμεθεν γρόπτα τάδ’ εὐσέβεος . [0]",Balbilla2,7,"1ad
 2ad",feminine,singular,ATR
ἔγω,ἔκλυον αὐδήσαντος ἔγω ’ πυ λίθω Βάλβιλλα τᾶς θεΐας Μέμνονος ἢ Φαμένωθ . [0],Balbilla4,1,"1ad
 2ad",feminine,singular,SBJ
Balbilla-pronoun-lemma=ὁ: http://127.0.0.1:9999/search/word.html?text_corpus=literature_verse&text_author=Balbilla&word_pos=Pronoun&start=0&word_lemma=%E1%BD%81,,,,,,,
τῶ,τῶ ῥα λύγρῳ θαν̣άτῳ δῶκέν τοι ποίναν τʼ ὤτωι ἅκ[ρῳ] ἄορι πλάγεις τῷ νήλας Ἆπιν κάκτανε τὸν θέϊον .,Balbilla2,4,"1ad
 2ad",neuter,singular,ADV
τῷ,τῶ ῥα λύγρῳ θαν̣άτῳ δῶκέν τοι ποίναν τʼ ὤτωι ἅκ[ρῳ] ἄορι πλάγεις τῷ νήλας Ἆπιν κάκτανε τὸν θέϊον .,Balbilla2,4,"1ad
 2ad",masculine,singular,ADV
τό,"τέ̣ρπει γάρ σ’ ἐράτα μόρφα βασιλήϊδος ἄμ̣μας , ἐλθοίσαι δ’ [α]ὔ̣ται θήϊον ἄ̣χον ἴη , μὴ καί τοι βασίλευς κοτέ̣σῃ , τό νυ δᾶρον ἀτά[ρβης] τὰν σέμναν κατέ̣χ̣ες κουριδίαν ἄλοχον .",Balbilla3,3,"1ad
 2ad",neuter,singular,AuxZ
ὠ,"κʼ ὠ Μέμνων τρέσσαις μεγάλω μένος Ἀδρι[άνοιο] ἐξαπίνας αὔδασ’ , ἀ δ’ ὀΐοισ’ ἐχάρη .",Balbilla3,4,"1ad
 2ad",masculine,singular,nil
ἀ,"κʼ ὠ Μέμνων τρέσσαις μεγάλω μένος Ἀδρι[άνοιο] ἐξαπίνας αὔδασ’ , ἀ δ’ ὀΐοισ’ ἐχάρη .",Balbilla3,4,"1ad
 2ad",feminine,singular,SBJ
Balbilla-pronoun-lemma=σύ: http://127.0.0.1:9999/search/word.html?text_corpus=literature_verse&text_author=Balbilla&word_pos=Pronoun&start=0&word_lemma=%CF%83%CF%8D,,,,,,,
τοι,"γλῶσσαν μέν τοι τμᾶξε [κ]αὶ ὤατα βάρβαρο̣ς̣ ἄνηρ , Καμβύσαις ἄθεος ·",Balbilla2,3,"1ad
 2ad",undefined,singular,OBJ
σέθεν,"ἀλλ’ ἔγω οὐ δοκίμωμι σέθεν τόδ’ ὄ̣λ̣εσθ’ ἂ̣ν ἄγαλμα , ψύχαν δ’ ἀθανάταν λοίπ̣ο̣ν̣ ἔσωσ̣α̣ νόῳ .",Balbilla2,5,"1ad
 2ad",undefined,singular,ATR
σ’,"τέ̣ρπει γάρ σ’ ἐράτα μόρφα βασιλήϊδος ἄμ̣μας , ἐλθοίσαι δ’ [α]ὔ̣ται θήϊον ἄ̣χον ἴη , μὴ καί τοι βασίλευς κοτέ̣σῃ , τό νυ δᾶρον ἀτά[ρβης] τὰν σέμναν κατέ̣χ̣ες κουριδίαν ἄλοχον .",Balbilla3,3,"1ad
 2ad",masculine,singular,OBJ
τοι,"τέ̣ρπει γάρ σ’ ἐράτα μόρφα βασιλήϊδος ἄμ̣μας , ἐλθοίσαι δ’ [α]ὔ̣ται θήϊον ἄ̣χον ἴη , μὴ καί τοι βασίλευς κοτέ̣σῃ , τό νυ δᾶρον ἀτά[ρβης] τὰν σέμναν κατέ̣χ̣ες κουριδίαν ἄλοχον .",Balbilla3,3,"1ad
 2ad",undefined,singular,OBJ
Balbilla-pronoun-lemma=αὐτός: http://127.0.0.1:9999/search/word.html?text_corpus=literature_verse&text_author=Balbilla&word_pos=Pronoun&start=0&word_lemma=%CE%B1%E1%BD%90%CF%84%CF%8C%CF%82,,,,,,,
ὤτωι,τῶ ῥα λύγρῳ θαν̣άτῳ δῶκέν τοι ποίναν τʼ ὤτωι ἅκ[ρῳ] ἄορι πλάγεις τῷ νήλας Ἆπιν κάκτανε τὸν θέϊον .,Balbilla2,4,"1ad
 2ad",masculine,singular,ATR
αὖτος,"κοίρανος Ἀδρίανο[ς] [τότ’] [ἄ]λις δ’ ἀσπάσσατο κʼ αὖτος Μέμνονα , κʼ ἀν [στά]λαι κάλ̣λ̣ι[π]εν ὀψ[ι]γόνοις γρόππατα σαμαίνο[ν]τά τ’ ὄσ’ εὔϊδε κʼ ὤσσ’ ἐσάκουσε , δῆλον παῖσι δ’ ἔγε[ν]τ’ ὤς ϝε φίλισι θέοι .",Balbilla1,7,"1ad
 2ad",masculine,singular,ATR
[α]ὔ̣ται,"τέ̣ρπει γάρ σ’ ἐράτα μόρφα βασιλήϊδος ἄμ̣μας , ἐλθοίσαι δ’ [α]ὔ̣ται θήϊον ἄ̣χον ἴη , μὴ καί τοι βασίλευς κοτέ̣σῃ , τό νυ δᾶρον ἀτά[ρβης] τὰν σέμναν κατέ̣χ̣ες κουριδίαν ἄλοχον .",Balbilla3,3,"1ad
 2ad",feminine,singular,OBJ
Balbilla-pronoun-lemma=καὐτός: http://127.0.0.1:9999/search/word.html?text_corpus=literature_verse&text_author=Balbilla&word_pos=Pronoun&start=0&word_lemma=%CE%BA%CE%B1%E1%BD%90%CF%84%CF%8C%CF%82,,,,,,,
[κ]αὔτ[αν],"Αὔως καὶ γεράρω , Μέμνον , πάϊ Τιθώνοιο , Θηβάας θάσσων ἄντα Δίος πόλιος , ἢ Ἀμένωθ , βασίλευ Αἰγύπτιε , τὼς ἐνέποισιν ἴρηες μύθων τῶν παλάων ἴδριες , χαῖρε , καὶ αὐδάσαις πρόφρων ἀσπάσ̣δ̣ε[ο] [κ]αὔτ[αν] τὰν σέμναν ἄλοχον κοιράνω Ἀδριάνω .",Balbilla2,2,"1ad
 2ad",feminine,singular,ATR
Balbilla-pronoun-lemma=ἕ: http://127.0.0.1:9999/search/word.html?text_corpus=literature_verse&text_author=Balbilla&word_pos=Pronoun&start=0&word_lemma=%E1%BC%95,,,,,,,
ϝοι,"Ἀδρίανον δ’ ἐσίδων , τὸν παμβασίληα , πρὶν αὔγας ἀελίω χαίρην εἶπέ ϝοι ὠς δύνατον .",Balbilla1,4,"1ad
 2ad",masculine,singular,OBJ
ϝε,"κοίρανος Ἀδρίανο[ς] [τότ’] [ἄ]λις δ’ ἀσπάσσατο κʼ αὖτος Μέμνονα , κʼ ἀν [στά]λαι κάλ̣λ̣ι[π]εν ὀψ[ι]γόνοις γρόππατα σαμαίνο[ν]τά τ’ ὄσ’ εὔϊδε κʼ ὤσσ’ ἐσάκουσε , δῆλον παῖσι δ’ ἔγε[ν]τ’ ὤς ϝε φίλισι θέοι .",Balbilla1,7,"1ad
 2ad",masculine,singular,OBJ
Balbilla-pronoun-lemma=ἐκεῖνος: http://127.0.0.1:9999/search/word.html?q=%E1%BC%90%CE%BA%CE%B5%E1%BF%96%CE%BD%CE%BF%CF%82&text_corpus=literature_verse&text_author=Balbilla,,,,,,,
κήνων,"κήνων ἐκ γενέας κʼ ἄγω λόχον αἶμα τὸ κᾶλον , Βαλβίλλας δ’ ἔμεθεν γρόπτα τάδ’ εὐσέβεος . [0]",Balbilla2,7,"1ad
 2ad",masculine,plural,ATR
Sappho-pronoun-lemma=ἐγώ: http://127.0.0.1:9999/search/word.html?text_corpus=literature_verse&text_author=Sappho&word_pos=Pronoun&start=0&word_lemma=%E1%BC%90%CE%B3%CF%8E,,,,,,,
μ’,"ποικιλόθρον’ ἀθανάτ’ Ἀφρόδιτα , παῖ Δίος δολόπλοκε , λίσσομαί σε , μή μ’ ἄσαισι μη -δ’ ὀνίαισι δάμνα , πότνια , θῦμον , ἀλλὰ τυίδ’ ἔλθ’ , αἴ ποτα κα- κἀτέρωτα τὰς ἔμας αὔδας ἀίοισα πήλοι ἔκλυες , πάτρος δὲ δόμον λίποισα χρύσιον ἦλθες ἄρμ’ ὐπασδεύξαισα ·",Sappho,1,"7bc
 6bc",undefined,singular,OBJ
μοι,"σὺ δ’ , ὦ μάκαιρα , μειδιαίσαισ’ ἀθανάτωι προσώπωι ἤρε’ ὄττι δη- δηὖτε πέπονθα κα- κὤττι δη- δηὖτε κάλημμι κα- κὤττι μοι μάλιστα θέλω γένεσθαι μαινόλαι θύμωι ·",Sappho,4,"7bc
 6bc",undefined,singular,ADV
μοι,"ἔλθε μοι καὶ νῦν , χαλέπαν δὲ λῦσον ἐκ μερίμναν , ὄσσα δέ μοι τέλεσσαι θῦμος ἰμέρρει , τέλεσον , σὺ δ’ αὔτα σύμμαχος ἔσσο .",Sappho,8,"7bc
 6bc",undefined,singular,ExD
μοι,"ἔλθε μοι καὶ νῦν , χαλέπαν δὲ λῦσον ἐκ μερίμναν , ὄσσα δέ μοι τέλεσσαι θῦμος ἰμέρρει , τέλεσον , σὺ δ’ αὔτα σύμμαχος ἔσσο .",Sappho,8,"7bc
 6bc",undefined,singular,ExD
μ’,"E E Gρανοθεν κατιουσδευρύ μ’ ἐκ Κρήτας ἐπὶ τόνδε ναῦον ἄγνον ὄππαι τοι χάριεν μὲν ἄλσος μαλίαν , βῶμοι δ’ ἔνι θυμιάμενοι λιβανώτωι ·",Sappho,9,"7bc
 6bc",undefined,singular,OBJ
μοι,"G?θε θῦμον G?μι πάμπαν δύναμαι , ἃς κεν ἦι μοι G?σαντιλάμπην G?λον πρόσωπον .",Sappho,16,"7bc
 6bc",undefined,singular,ADV
μοι,"Κύπρι καὶ Νηρήιδες ἀβλάβην μοι τὸν κασίγνητον δότε τυίδ’ ἴκεσθαι κα- κὤσσα ϝοι θύμωι κε θέληι γένεσθαι πάντα τελέσθην , ὄσσα δὲ πρόσθ’ ἄμβροτε πάντα λῦσαι καὶ φίλοισι ϝοῖσι χάραν γένεσθαι νῦν πόνον τ’ ἔχθροισι , γένοιτο δ’ ἄμμι μήκετι μη -δ’ εἴς ·",Sappho,18,"7bc
 6bc",undefined,singular,OBJ
ἄμμι,"Κύπρι καὶ Νηρήιδες ἀβλάβην μοι τὸν κασίγνητον δότε τυίδ’ ἴκεσθαι κα- κὤσσα ϝοι θύμωι κε θέληι γένεσθαι πάντα τελέσθην , ὄσσα δὲ πρόσθ’ ἄμβροτε πάντα λῦσαι καὶ φίλοισι ϝοῖσι χάραν γένεσθαι νῦν πόνον τ’ ἔχθροισι , γένοιτο δ’ ἄμμι μήκετι μη -δ’ εἴς ·",Sappho,18,"7bc
 6bc",feminine,plural,PNOM
ἔγω,"E E E οἰ μὲν ἰππήων στρότον οἰ δὲ πέσδων οἰ δὲ νάων φαῖσ’ ἐπὶ γᾶν μέλαιναν ἔμμεναι κάλλιστον , ἔγω δὲ κῆν’ ὄττω τις ἔραται ·",Sappho,24,"7bc
 6bc",undefined,singular,SBJ
κἄμε,"G?αμπτον γὰρ G? G?G3κούφως τG?οηGGν κα- κἄμε νῦν Ἀνακτορίας ὀνέμναισ’ οὐ παρεοίσας , τᾶς κε βολλοίμαν ἔρατόν τε βᾶμα κα- κἀμάρυχμα λάμπρον ἴδην προσώπω ἢ τὰ Λύδων ἄρματα κα- κἀν ὄπλοισι πεσδομάχεντας .",Sappho,26,"7bc
 6bc",undefined,singular,OBJ
ἄμμι,"G? G?GεπαβολησG? G?ανδ’ ὄλοφυνG4εG G? τρομέροις πGG2αλλα G? G? χρόα γῆρας ἤδη G?ν ἀμφιβάσκει G?ς πέταται διώκων G? G?τας ἀγαύας G?εα , λάβοισα G? ἄεισον ἄμμι τὰν ἰόκολπον .",Sappho,31,"7bc
 6bc",feminine,plural,ADV
ἔγω,"ἀ γὰρ κατάγωγις αὔτα ἐπτόαισ’ ἴδοισαν , ἔγω δὲ χαίρω , καὶ γὰρ αὔτα δήποτ’ ἐμεμφG? ΚυπρογενηαG? ὠς ἄραμαι τοῦτο τῶG? G?βόλλομαι",Sappho,34,"7bc
 6bc",undefined,singular,SBJ
με,"G? ἔρωτος ἠλπG? G? G?τιον εἰσίδωσG? G? Ἐρμιόνα τεαυταG? G? ξάνθαι δ’ Ἐλέναι σ’ ἐίσκην G?κες Gις θνάταις , τόδε δ’ ἴσθι , τὰι σᾶι παίσαν κέ με τὰν μερίμναν G?λαισ’ ἀντιδG2Gαθοις δὲ G? G?τας ὄχθοις G?ταιν G? παννυχίσδην",Sappho,35,"7bc
 6bc",undefined,singular,ExD
με,"G?θαμέωG? G? ὄττινας γὰρ εὖ θέω , κῆνοί με μάλιστα πάντων G? σίνονται G? ἀλεμάτG? G?GγονωμG? G?Gιμ’ οὐ πρG? G?αι G? σέ , θέλωG? G?τοπάθηG? G?Gαν , ἔγω δ’ ἔμ’ αὔται G? τοῦτο συνοίδα G?GGGτοισG3GG? G?εναμG? G?GGGG?",Sappho,36,"7bc
 6bc",undefined,singular,OBJ
ἔγω,"G?θαμέωG? G? ὄττινας γὰρ εὖ θέω , κῆνοί με μάλιστα πάντων G? σίνονται G? ἀλεμάτG? G?GγονωμG? G?Gιμ’ οὐ πρG? G?αι G? σέ , θέλωG? G?τοπάθηG? G?Gαν , ἔγω δ’ ἔμ’ αὔται G? τοῦτο συνοίδα G?GGGτοισG3GG? G?εναμG? G?GGGG?",Sappho,36,"7bc
 6bc",undefined,singular,SBJ
ἔμ’,"G?θαμέωG? G? ὄττινας γὰρ εὖ θέω , κῆνοί με μάλιστα πάντων G? σίνονται G? ἀλεμάτG? G?GγονωμG? G?Gιμ’ οὐ πρG? G?αι G? σέ , θέλωG? G?τοπάθηG? G?Gαν , ἔγω δ’ ἔμ’ αὔται G? τοῦτο συνοίδα G?GGGτοισG3GG? G?εναμG? G?GGGG?",Sappho,36,"7bc
 6bc",undefined,singular,OBJ
κἄμμ’,"καὶ γὰρ Gη σὺ πάις ποτG? G3ικης μέλπεσθ’ ἄγι ταῦτα G? G2 ζάλεξαι , κα- κἄμμ’ ἀπὺ τωδεκG? Gδρα χάρισσαι ·",Sappho,39,"7bc
 6bc",masculine,plural,ExD
μοι,"φαίνεταί μοι κῆνος ἴσος θέοισιν ἔμμεν’ ὤνηρ , ὄττις ἐνάντιός τοι ἰσδάνει καὶ πλάσιον ἆδυ φωνείσας ὐπακούει καὶ γελαίσας ἰμέροεν , τό μ’ ἦ μὰν καρδίαν ἐν στήθεσιν ἐπτόαισεν , ὠς γὰρ ἔς σ’ ἴδω βρόχε’ ὤς με φώναισ’ οὐ -δ’ ἒν ἔτ’ εἴκει , ἀλλ’ ἄκαν μὲν γλῶσσα ἔαγε λέπτον δ’ αὔτικα χρῶι πῦρ ὐπαδεδρόμηκεν , ὀππάτεσσι δ’ οὐ -δ’ ἒν ὄρημμ’ , ἐπιρρόμβεισι δ’ ἄκουαι , ἐκ δέ μ’ ἴδρως κακχέεται τρόμος δὲ παῖσαν ἄγρει , χλωροτέρα δὲ ποίας ἔμμι , τεθνάκην δ’ ὀλίγω ’πιδεύης φαίνομ’ ἔμ’ αὔται ·",Sappho,44,"7bc
 6bc",undefined,singular,OBJ
μ’,"φαίνεταί μοι κῆνος ἴσος θέοισιν ἔμμεν’ ὤνηρ , ὄττις ἐνάντιός τοι ἰσδάνει καὶ πλάσιον ἆδυ φωνείσας ὐπακούει καὶ γελαίσας ἰμέροεν , τό μ’ ἦ μὰν καρδίαν ἐν στήθεσιν ἐπτόαισεν , ὠς γὰρ ἔς σ’ ἴδω βρόχε’ ὤς με φώναισ’ οὐ -δ’ ἒν ἔτ’ εἴκει , ἀλλ’ ἄκαν μὲν γλῶσσα ἔαγε λέπτον δ’ αὔτικα χρῶι πῦρ ὐπαδεδρόμηκεν , ὀππάτεσσι δ’ οὐ -δ’ ἒν ὄρημμ’ , ἐπιρρόμβεισι δ’ ἄκουαι , ἐκ δέ μ’ ἴδρως κακχέεται τρόμος δὲ παῖσαν ἄγρει , χλωροτέρα δὲ ποίας ἔμμι , τεθνάκην δ’ ὀλίγω ’πιδεύης φαίνομ’ ἔμ’ αὔται ·",Sappho,44,"7bc
 6bc",undefined,singular,OBJ
με,"φαίνεταί μοι κῆνος ἴσος θέοισιν ἔμμεν’ ὤνηρ , ὄττις ἐνάντιός τοι ἰσδάνει καὶ πλάσιον ἆδυ φωνείσας ὐπακούει καὶ γελαίσας ἰμέροεν , τό μ’ ἦ μὰν καρδίαν ἐν στήθεσιν ἐπτόαισεν , ὠς γὰρ ἔς σ’ ἴδω βρόχε’ ὤς με φώναισ’ οὐ -δ’ ἒν ἔτ’ εἴκει , ἀλλ’ ἄκαν μὲν γλῶσσα ἔαγε λέπτον δ’ αὔτικα χρῶι πῦρ ὐπαδεδρόμηκεν , ὀππάτεσσι δ’ οὐ -δ’ ἒν ὄρημμ’ , ἐπιρρόμβεισι δ’ ἄκουαι , ἐκ δέ μ’ ἴδρως κακχέεται τρόμος δὲ παῖσαν ἄγρει , χλωροτέρα δὲ ποίας ἔμμι , τεθνάκην δ’ ὀλίγω ’πιδεύης φαίνομ’ ἔμ’ αὔται ·",Sappho,44,"7bc
 6bc",undefined,singular,SBJ
μ’,"φαίνεταί μοι κῆνος ἴσος θέοισιν ἔμμεν’ ὤνηρ , ὄττις ἐνάντιός τοι ἰσδάνει καὶ πλάσιον ἆδυ φωνείσας ὐπακούει καὶ γελαίσας ἰμέροεν , τό μ’ ἦ μὰν καρδίαν ἐν στήθεσιν ἐπτόαισεν , ὠς γὰρ ἔς σ’ ἴδω βρόχε’ ὤς με φώναισ’ οὐ -δ’ ἒν ἔτ’ εἴκει , ἀλλ’ ἄκαν μὲν γλῶσσα ἔαγε λέπτον δ’ αὔτικα χρῶι πῦρ ὐπαδεδρόμηκεν , ὀππάτεσσι δ’ οὐ -δ’ ἒν ὄρημμ’ , ἐπιρρόμβεισι δ’ ἄκουαι , ἐκ δέ μ’ ἴδρως κακχέεται τρόμος δὲ παῖσαν ἄγρει , χλωροτέρα δὲ ποίας ἔμμι , τεθνάκην δ’ ὀλίγω ’πιδεύης φαίνομ’ ἔμ’ αὔται ·",Sappho,44,"7bc
 6bc",undefined,singular,ADV
ἔμ’,"φαίνεταί μοι κῆνος ἴσος θέοισιν ἔμμεν’ ὤνηρ , ὄττις ἐνάντιός τοι ἰσδάνει καὶ πλάσιον ἆδυ φωνείσας ὐπακούει καὶ γελαίσας ἰμέροεν , τό μ’ ἦ μὰν καρδίαν ἐν στήθεσιν ἐπτόαισεν , ὠς γὰρ ἔς σ’ ἴδω βρόχε’ ὤς με φώναισ’ οὐ -δ’ ἒν ἔτ’ εἴκει , ἀλλ’ ἄκαν μὲν γλῶσσα ἔαγε λέπτον δ’ αὔτικα χρῶι πῦρ ὐπαδεδρόμηκεν , ὀππάτεσσι δ’ οὐ -δ’ ἒν ὄρημμ’ , ἐπιρρόμβεισι δ’ ἄκουαι , ἐκ δέ μ’ ἴδρως κακχέεται τρόμος δὲ παῖσαν ἄγρει , χλωροτέρα δὲ ποίας ἔμμι , τεθνάκην δ’ ὀλίγω ’πιδεύης φαίνομ’ ἔμ’ αὔται ·",Sappho,44,"7bc
 6bc",undefined,singular,OBJ
με,E αἴ με τιμίαν ἐπόησαν ἔργα τὰ σφὰ δοῖσαι,Sappho,46,"7bc
 6bc",undefined,singular,OBJ
ἔγω,"αἴθ’ ἔγω , χρυσοστέφαν’ Ἀφρόδιτα , τόνδε τὸν πάλον λαχοίην",Sappho,47,"7bc
 6bc",undefined,singular,SBJ
ἄμμε,ὄπταις ἄμμε,Sappho,52,"7bc
 6bc",feminine,plural,OBJ
ἔγω,E E σοὶ δ’ ἔγω λεύκας επιδωμον † αἶγος,Sappho,54,"7bc
 6bc",undefined,singular,SBJ
ἔγω,ἔγω δ’ ἐπὶ μολθάκαν τύλαν κασπολέω μέλεα ·,Sappho,74,"7bc
 6bc",undefined,singular,SBJ
μοι,"Ἔρος δ’ ἐτίναξέ μοι φρένας , ὠς ἄνεμος κὰτ ὄρος δρύσιν ἐμπέτων .",Sappho,76,"7bc
 6bc",undefined,singular,ADV
ἔγω,"ἦλθες , καὶ † ἐπόησας , ἔγω δέ σ’ ἐμαιόμαν , ὂν δ’ ἔψυξας ἔμαν φρένα καιομέναν πόθωι .",Sappho,77,"7bc
 6bc",undefined,singular,SBJ
ἔγω,"ἠράμαν μὲν ἔγω σέθεν , Ἄτθι , πάλαι ποτά σμίκρα μοι πάις ἔμμεν’ ἐφαίνεο κα- κἄχαρις .",Sappho,78,"7bc
 6bc",undefined,singular,SBJ
μοι,"ἠράμαν μὲν ἔγω σέθεν , Ἄτθι , πάλαι ποτά σμίκρα μοι πάις ἔμμεν’ ἐφαίνεο κα- κἄχαρις .",Sappho,78,"7bc
 6bc",undefined,singular,OBJ
μοι,E δίχα μοι τὰ νοήμματα,Sappho,81,"7bc
 6bc",undefined,singular,ADV
ἔγω,"E G? οὐ δύνατον γένεσθαι G? βροδόπαχυν Αὔων G? ἔσχατα γᾶς φέροισα G? G?ον ὔμως ἔμαρψε G? G?άταν ἄκοιτιν G?ιμέναν νομίσδει G?αις ὀπάσδοι ἔγω δὲ φίλημμ’ ἀβροσύναν , G? .",Sappho,91,"7bc
 6bc",undefined,singular,SBJ
μοι,τοῦτο καί μοι τὸ λάμπρον ἔρος τω- τὠελίω καὶ τὸ κάλον λέλογχε .,Sappho,92,"7bc
 6bc",undefined,singular,OBJ
ἔμοι,"G? τύχοισα G? θέλ’ ὦν τ’ ἀπαίσαν G?Gεσον νόημμα G?έτων κάλημμιG? πεδὰ θῦμον αἶψα G? ὄσσα τύχην θελήσηις G?ρ ἔμοι μάχεσθαι χλιδάναι πίθεισαG? G?ι , σὺ δ’ εὖ γὰρ οἶσθα G?έτει ταGGλεG2 G?κλασG?",Sappho,93,"7bc
 6bc",undefined,singular,OBJ
μ’,ἔλπις δέ μ’ ἔχει μὴ πεδέχην μηδὲν μακάρων ἐλG? οὐ γάρ κ’ ἔον οὔτωG ἀθύρματα καGG? γένοιτο δέ μοιG? τοὶς πάνταG?,Sappho,98,"7bc
 6bc",undefined,singular,OBJ
μ’,G?ι γάρ μ’ ἀπὺ τὰς ἐGG? G? ὔμως δ’ ἔγεντο G? ἴσαν θέοισιν G?ασαν ἀλίτραG? G? ἈνδρομέδανGGαξG? G?αρG3GαG2κGGα G?εον δὲ τρόπον αGGύνηG? G?κορον οὐκατισGεGG? καG5GΤυνδαρίδαις ασυGG3καG χαρίεντ’ ἀGG? G?κ’ ἄδολον μηκέτι συνG? G?μεγαραGG2ναG3αβ κηG?,Sappho,102,"7bc
 6bc",undefined,singular,ExD
μοι,G?G4φG? G?GG’ θύραGG? μοι χάλεGG? G?δεκύG? G?Gοπάλην ὄλG? G?εG?,Sappho,103,"7bc
 6bc",undefined,singular,ExD
ἐγω-,"G?μισσε Μίκα G?ελαG4λά σ’ ἐγω- ἔγωὐκ ἐάσω G?ν φιλότατ’ ἤλεο ΠενθιλήανG? G?δα κακότροπ’ , ἄμμαG? G? μέλος τι γλύκερον GG? G?α μελλιχόφωνG? G?δει , λίγυραι δ’ ἄηG? G? δροσόεσσαG?",Sappho,105,"7bc
 6bc",undefined,singular,SBJ
μ’,G?GακάλαGG? G? αἰγιόχω λαG? G Κυθέρη’ εG2ομG? G?ον ἔχοισα θῦμον κλῦθί μ’ ἄρας αἴπG? G?ας προλίποισα κG? G?G πέδ’ ἔμαν ἰώG? G?Gν χαλέπαιGG?,Sappho,112,"7bc
 6bc",undefined,singular,OBJ
ἔγω,ἔγω τε γαρG? G?μ’ ἆς κεν ἔνηι μ’G? G?αι μελήσην ·,Sappho,117,"7bc
 6bc",undefined,singular,ExD
με,"ἄ με ψισδομένα κατελίμπανεν πόλλα καὶ τόδ’ ἔειπέ μοι ὤιμ’ ὠς δεῖνα πεπόνθαμεν , Ψάπφ’ , ἦ μάν σ’ ἀέκοισ’ ἀπυλιμπάνω .",Sappho,124,"7bc
 6bc",undefined,singular,OBJ
μοι,"ἄ με ψισδομένα κατελίμπανεν πόλλα καὶ τόδ’ ἔειπέ μοι ὤιμ’ ὠς δεῖνα πεπόνθαμεν , Ψάπφ’ , ἦ μάν σ’ ἀέκοισ’ ἀπυλιμπάνω .",Sappho,124,"7bc
 6bc",undefined,singular,OBJ
ἔγω,τὰν δ’ ἔγω τάδ’ ἀμειβόμαν ·,Sappho,125,"7bc
 6bc",undefined,singular,SBJ
κἄμεθεν,"χαίροισ’ ἔρχεο κα- κἄμεθεν μέμναισ’ , οἶσθα γὰρ ὤς σε πεδήπομεν ·",Sappho,126,"7bc
 6bc",undefined,singular,OBJ
ἔγω,"E αἰ δὲ μή , ἀλλά σ’ ἔγω θέλω ὄμναισαιG4GG3G2αι ὄσσα μόλθακα καὶ κάλ’ ἐπάσχομεν ·",Sappho,127,"7bc
 6bc",undefined,singular,SBJ
ἔμοι,"πόλλοις γὰρ στεφάνοις ἴων καὶ βρόδων κροκίων τ’ ὔμοι καG2G? πὰρ ἔμοι περεθήκαο καὶ πόλλαις ὐπαθύμιδας πλέκταις ἀμφ’ ἀπάλαι δέραι ἀνθέων ἐράτων πεποημμέναις καὶ πόλλῳ G?G μύρωι βρενθείωιGG?ρυG2ν ἐξαλείψαο καὶ βασιληΐωι καὶ στρώμναν ἐπὶ μολθάκαν ἀπάλαν παGG?G3ων ἐξίης πόθοG?Gνίδων κα- κωὔ -τε τισG?G2τι ἶρον οὐδυG? ἔπλετ’ ὄπποθεν ἄμμες ἀπέσκομεν , οὐκ ἄλσος GG?Gρος G?ψοφος G?G3οιδιαι",Sappho,128,"7bc
 6bc",undefined,singular,ADV
ἄμμες,"πόλλοις γὰρ στεφάνοις ἴων καὶ βρόδων κροκίων τ’ ὔμοι καG2G? πὰρ ἔμοι περεθήκαο καὶ πόλλαις ὐπαθύμιδας πλέκταις ἀμφ’ ἀπάλαι δέραι ἀνθέων ἐράτων πεποημμέναις καὶ πόλλῳ G?G μύρωι βρενθείωιGG?ρυG2ν ἐξαλείψαο καὶ βασιληΐωι καὶ στρώμναν ἐπὶ μολθάκαν ἀπάλαν παGG?G3ων ἐξίης πόθοG?Gνίδων κα- κωὔ -τε τισG?G2τι ἶρον οὐδυG? ἔπλετ’ ὄπποθεν ἄμμες ἀπέσκομεν , οὐκ ἄλσος GG?Gρος G?ψοφος G?G3οιδιαι",Sappho,128,"7bc
 6bc",feminine,plural,SBJ
με,"ὦ δέσποτ’ , ἐπGG? οὐ μὰ γὰρ μάκαιραν G? οὐδὲν ἄδομ’ ἔπαρθ’ ἀγαG? κατθάνην δ’ ἴμερός τις G? ἔχει με καὶ λωτίνοις δροσόεντας G? ὄχθοις ἴδην ἈχερG? GG2δεσαιδ’GG? GG2δετοGG? μητιG2G?",Sappho,130,"7bc
 6bc",undefined,singular,OBJ
με,ἀ γάρ με γένναG? GGας ἐπ’ ἀλικίας μεγG? κόσμον αἴ τις ἔχηι φόβαGG? πορφύρωι κατελιξαμένα ἔμμεναι μάλα τοῦτο GG? ἀλλὰ ξανθοτέραις ἔχηG? ταὶς κόμαις δάιδος προG? στεφάνοισιν ἐπαρτιαG? ἀνθέων ἐριθαλέων ·,Sappho,139,"7bc
 6bc",undefined,singular,ExD
ἔγω,σοὶ δ’ ἔγω Κλέι ποικίλαν G? οὐκ ἔχω πόθεν ἔσσεται G? μιτράναν ·,Sappho,141,"7bc
 6bc",undefined,singular,SBJ
με,"παρθενία , παρθενία , ποῖ με λίποισα οἴχηι ;",Sappho,170,"7bc
 6bc",undefined,singular,OBJ
ἄμμι,ἀλλ’ ἔων φίλος ἄμμι λέχος ἄρνυσο νεώτερον ·,Sappho,178,"7bc
 6bc",feminine,plural,ADV
ἔγω,οὐ γὰρ τλάσομ’ ἔγω συνοίκην ἔοισα γεραιτέρα,Sappho,179,"7bc
 6bc",undefined,singular,SBJ
ἔμεθεν,E ἔμεθεν δ’ ἔχηισθα λάθαν ἤ τιν’ ἄλλον ἀνθρώπων ἔμεθεν φίληισθα,Sappho,187,"7bc
 6bc",undefined,singular,ATR
ἔμεθεν,E ἔμεθεν δ’ ἔχηισθα λάθαν ἤ τιν’ ἄλλον ἀνθρώπων ἔμεθεν φίληισθα,Sappho,187,"7bc
 6bc",undefined,singular,ADV
μ’,"Ἔρος δη- δηὖτέ μ’ ὀ λυσιμέλης δόνει , γλυκύπικρον ἀμάχανον ὄρπετον",Sappho,188,"7bc
 6bc",undefined,singular,OBJ
ἔμεθεν,"Ἄτθι , σοὶ δ’ ἔμεθεν μὲν ἀπήχθετο φροντίσδην , ἐπὶ δ’ Ἀνδρομέδαν πόται",Sappho,189,"7bc
 6bc",undefined,singular,ATR
μοι,"E E ἔστι μοι κάλα πάις χρυσίοισιν ἀνθέμοισιν ἐμφέρην ἔχοισα μόρφαν Κλέις ἀγαπάτα , ἀντὶ τᾶς ἐγω- ἔγωὐ -δὲ Λυδίαν παῖσαν οὐ -δ’ ἐράνναν",Sappho,190,"7bc
 6bc",undefined,singular,PNOM
ἐγω-,"E E ἔστι μοι κάλα πάις χρυσίοισιν ἀνθέμοισιν ἐμφέρην ἔχοισα μόρφαν Κλέις ἀγαπάτα , ἀντὶ τᾶς ἐγω- ἔγωὐ -δὲ Λυδίαν παῖσαν οὐ -δ’ ἐράνναν",Sappho,190,"7bc
 6bc",undefined,singular,SBJ
με,"E τί με Πανδίονις , Ὤιρανα , χελίδω ;",Sappho,193,"7bc
 6bc",undefined,singular,OBJ
με,"θέλω τί τ’ εἴπην , ἀλλά με κωλύει αἴδως .",Sappho,195,"7bc
 6bc",undefined,singular,OBJ
μοι,E μή -τε μοι μέλι μή -τε μέλισσα,Sappho,207,"7bc
 6bc",undefined,singular,PNOM
ἀμμέων,μνάσασθαί τινά φαιμι καὶ ἕτερον † ἀμμέων,Sappho,208,"7bc
 6bc",feminine,plural,OBJ
ἄμμι,οὔ κ’ ἄμμι τάδε πρέποι,Sappho,212,"7bc
 6bc",feminine,plural,OBJ
μοι,E πόλλα μοι τὰν Πωλυανάκτιδα παῖδα χαίρην,Sappho,217,"7bc
 6bc",undefined,singular,ExD
με,""" Αἰθοπίᾳ με κόρᾳ Λατοῦς ἀνέθηκεν Ἀρίστα ἁ Ἑρμοκλείδα τῶ Σαϋναϊάδα , σὰ πρόπολος , δέσποινα γυναικῶν ·",Sappho,264,"7bc
 6bc",undefined,singular,OBJ
Sappho-pronoun-lemma=σύ: http://127.0.0.1:9999/search/word.html?text_corpus=literature_verse&text_author=Sappho&word_pos=Pronoun&start=0&word_lemma=%CF%83%CF%8D,,,,,,,
σε,"ποικιλόθρον’ ἀθανάτ’ Ἀφρόδιτα , παῖ Δίος δολόπλοκε , λίσσομαί σε , μή μ’ ἄσαισι μη -δ’ ὀνίαισι δάμνα , πότνια , θῦμον , ἀλλὰ τυίδ’ ἔλθ’ , αἴ ποτα κα- κἀτέρωτα τὰς ἔμας αὔδας ἀίοισα πήλοι ἔκλυες , πάτρος δὲ δόμον λίποισα χρύσιον ἦλθες ἄρμ’ ὐπασδεύξαισα ·",Sappho,1,"7bc
 6bc",undefined,singular,OBJ
σ’,κάλοι δέ σ’ ἆγον ὤκεες στροῦθοι περὶ γᾶς μελαίνας πύκνα δίννεντες πτέρ’ ἀπ’ ὠρανω- ὠράνωἴθερος διὰ μέσσω ·,Sappho,2,"7bc
 6bc",undefined,singular,OBJ
σὺ,"σὺ δ’ , ὦ μάκαιρα , μειδιαίσαισ’ ἀθανάτωι προσώπωι ἤρε’ ὄττι δη- δηὖτε πέπονθα κα- κὤττι δη- δηὖτε κάλημμι κα- κὤττι μοι μάλιστα θέλω γένεσθαι μαινόλαι θύμωι ·",Sappho,4,"7bc
 6bc",undefined,singular,SBJ
σ’,"τίς σ’ , ὦ Ψάπφ’ , ἀδικήει ;",Sappho,6,"7bc
 6bc",undefined,singular,OBJ
σὺ,"ἔλθε μοι καὶ νῦν , χαλέπαν δὲ λῦσον ἐκ μερίμναν , ὄσσα δέ μοι τέλεσσαι θῦμος ἰμέρρει , τέλεσον , σὺ δ’ αὔτα σύμμαχος ἔσσο .",Sappho,8,"7bc
 6bc",undefined,singular,SBJ
τοι,"E E Gρανοθεν κατιουσδευρύ μ’ ἐκ Κρήτας ἐπὶ τόνδε ναῦον ἄγνον ὄππαι τοι χάριεν μὲν ἄλσος μαλίαν , βῶμοι δ’ ἔνι θυμιάμενοι λιβανώτωι ·",Sappho,9,"7bc
 6bc",undefined,singular,ADV
σὺ,ἔνθα δὴ σὺ στέμματ’ ἔλοισα Κύπρι χρυσίαισιν ἐν κυλίκεσσιν ἄβρως ὀμμεμείχμενον θαλίαισι νέκταρ οἰνοχόαισον,Sappho,12,"7bc
 6bc",undefined,singular,SBJ
σὺ,σὺ δὲ ΚύπG2G2G3να G?θεμένα κάκαν G? G?ι .,Sappho,20,"7bc
 6bc",undefined,singular,ExD
σε,Κύπρι καί σε πικροτGαν ἐπεύροι μη -δὲ καυχάσαιτο τόδ’ ἐννέποισα Δωρίχα τὸ δεύτερον ὠς πόθεννον εἰς ἔρον ἦλθε .,Sappho,23,"7bc
 6bc",undefined,singular,OBJ
τοι,πλάσιον δημG? πότνι’ Ἤρα σὰ χG? τὰν ἀράταν Ἀτρέιδαι τοι βασίληες ·,Sappho,28,"7bc
 6bc",undefined,singular,ExD
σὲ,ἐκτελέσσαντες μG? πρῶτα μὲν περιGG? τυίδ’ ἀπορμάθεντες οὐκ ἐδύναντο πρὶν σὲ καὶ Δί’ ἀντG? καὶ Θυώνας ἰμεG? νῦν δὲ κG? κὰτ τὸ πάλαιον ἄγνα καὶ καG? παρθενG? ἀμφιGG? G? G? GGGνιλG? ἔμμεναG? GραπικεG?,Sappho,29,"7bc
 6bc",undefined,singular,ExD_CO
σ’,"G? ἔρωτος ἠλπG? G? G?τιον εἰσίδωσG? G? Ἐρμιόνα τεαυταG? G? ξάνθαι δ’ Ἐλέναι σ’ ἐίσκην G?κες Gις θνάταις , τόδε δ’ ἴσθι , τὰι σᾶι παίσαν κέ με τὰν μερίμναν G?λαισ’ ἀντιδG2Gαθοις δὲ G? G?τας ὄχθοις G?ταιν G? παννυχίσδην",Sappho,35,"7bc
 6bc",undefined,singular,OBJ
σέ,"G?θαμέωG? G? ὄττινας γὰρ εὖ θέω , κῆνοί με μάλιστα πάντων G? σίνονται G? ἀλεμάτG? G?GγονωμG? G?Gιμ’ οὐ πρG? G?αι G? σέ , θέλωG? G?τοπάθηG? G?Gαν , ἔγω δ’ ἔμ’ αὔται G? τοῦτο συνοίδα G?GGGτοισG3GG? G?εναμG? G?GGGG?",Sappho,36,"7bc
 6bc",undefined,singular,ExD
σὺ,"καὶ γὰρ Gη σὺ πάις ποτG? G3ικης μέλπεσθ’ ἄγι ταῦτα G? G2 ζάλεξαι , κα- κἄμμ’ ἀπὺ τωδεκG? Gδρα χάρισσαι ·",Sappho,39,"7bc
 6bc",undefined,singular,ExD
σὺ,"εὖ δεG? καὶ σὺ τοῦτ’ , ἀλλ’ ὄττι τάχιστα G? παρθένοις ἄππεμπε , θέοι G? G?εν ἔχοιεν G? ὄδος μέγαν εἰς Ὄλυμπον G? ἀνθρωπG? G?αίκGG?",Sappho,41,"7bc
 6bc",undefined,singular,SBJ
τοι,"φαίνεταί μοι κῆνος ἴσος θέοισιν ἔμμεν’ ὤνηρ , ὄττις ἐνάντιός τοι ἰσδάνει καὶ πλάσιον ἆδυ φωνείσας ὐπακούει καὶ γελαίσας ἰμέροεν , τό μ’ ἦ μὰν καρδίαν ἐν στήθεσιν ἐπτόαισεν , ὠς γὰρ ἔς σ’ ἴδω βρόχε’ ὤς με φώναισ’ οὐ -δ’ ἒν ἔτ’ εἴκει , ἀλλ’ ἄκαν μὲν γλῶσσα ἔαγε λέπτον δ’ αὔτικα χρῶι πῦρ ὐπαδεδρόμηκεν , ὀππάτεσσι δ’ οὐ -δ’ ἒν ὄρημμ’ , ἐπιρρόμβεισι δ’ ἄκουαι , ἐκ δέ μ’ ἴδρως κακχέεται τρόμος δὲ παῖσαν ἄγρει , χλωροτέρα δὲ ποίας ἔμμι , τεθνάκην δ’ ὀλίγω ’πιδεύης φαίνομ’ ἔμ’ αὔται ·",Sappho,44,"7bc
 6bc",undefined,singular,OBJ
σ’,"φαίνεταί μοι κῆνος ἴσος θέοισιν ἔμμεν’ ὤνηρ , ὄττις ἐνάντιός τοι ἰσδάνει καὶ πλάσιον ἆδυ φωνείσας ὐπακούει καὶ γελαίσας ἰμέροεν , τό μ’ ἦ μὰν καρδίαν ἐν στήθεσιν ἐπτόαισεν , ὠς γὰρ ἔς σ’ ἴδω βρόχε’ ὤς με φώναισ’ οὐ -δ’ ἒν ἔτ’ εἴκει , ἀλλ’ ἄκαν μὲν γλῶσσα ἔαγε λέπτον δ’ αὔτικα χρῶι πῦρ ὐπαδεδρόμηκεν , ὀππάτεσσι δ’ οὐ -δ’ ἒν ὄρημμ’ , ἐπιρρόμβεισι δ’ ἄκουαι , ἐκ δέ μ’ ἴδρως κακχέεται τρόμος δὲ παῖσαν ἄγρει , χλωροτέρα δὲ ποίας ἔμμι , τεθνάκην δ’ ὀλίγω ’πιδεύης φαίνομ’ ἔμ’ αὔται ·",Sappho,44,"7bc
 6bc",undefined,singular,OBJ
σε,E ἤ σε Κύπρος καὶ Πάφος ἢ Πάνορμος,Sappho,49,"7bc
 6bc",undefined,singular,OBJ
σοὶ,E E σοὶ δ’ ἔγω λεύκας επιδωμον † αἶγος,Sappho,54,"7bc
 6bc",undefined,singular,OBJ
ὔμμι,E ταὶς κάλαισιν ὔμμι νόημμα τω- τὦμον οὐ διάμειπτον,Sappho,55,"7bc
 6bc",undefined,singular,ADV
ὔμμες,E ἆς θέλετ’ ὔμμες,Sappho,73,"7bc
 6bc",undefined,singular,SBJ
σ’,"ἦλθες , καὶ † ἐπόησας , ἔγω δέ σ’ ἐμαιόμαν , ὂν δ’ ἔψυξας ἔμαν φρένα καιομέναν πόθωι .",Sappho,77,"7bc
 6bc",undefined,singular,OBJ
σέθεν,"ἠράμαν μὲν ἔγω σέθεν , Ἄτθι , πάλαι ποτά σμίκρα μοι πάις ἔμμεν’ ἐφαίνεο κα- κἄχαρις .",Sappho,78,"7bc
 6bc",undefined,singular,OBJ
σέθεν,κατθάνοισα δὲ κείσηι οὐ -δ’ ἔτι τις μναμοσύνα σέθεν ἔσσετ’ οὐδέποτ’ εἰς ὔστερον ·,Sappho,85,"7bc
 6bc",undefined,singular,ATR
σε,"G?GG? G?GδαG? G? G?Gα G?ύγοισαG? G?GG2G2G?ιδάχθην G?χυ θοιGαλλG7ύταν G?GχθοGGατίGG5εισα G?μένα τανG4ώνυμόν σε G?νι θῆται στύματι πρόκοψιν G?πων κάλα δῶρα παῖδες G? G φιλάοιδον λιγύραν χελύνναν G?ντα χρόα γῆρας ἤδη G?ντο τρίχες ἐκ μελαίναν G?αι , γόνα δ’ οὐ φέροισι G?ησθ’ ἴσα νεβρίοισιν G? ἀλλὰ τί κεν ποείην ;",Sappho,90,"7bc
 6bc",undefined,singular,ExD
ὔμως,"E G? οὐ δύνατον γένεσθαι G? βροδόπαχυν Αὔων G? ἔσχατα γᾶς φέροισα G? G?ον ὔμως ἔμαρψε G? G?άταν ἄκοιτιν G?ιμέναν νομίσδει G?αις ὀπάσδοι ἔγω δὲ φίλημμ’ ἀβροσύναν , G? .",Sappho,91,"7bc
 6bc",undefined,plural,OBJ
σὺ,"G? τύχοισα G? θέλ’ ὦν τ’ ἀπαίσαν G?Gεσον νόημμα G?έτων κάλημμιG? πεδὰ θῦμον αἶψα G? ὄσσα τύχην θελήσηις G?ρ ἔμοι μάχεσθαι χλιδάναι πίθεισαG? G?ι , σὺ δ’ εὖ γὰρ οἶσθα G?έτει ταGGλεG2 G?κλασG?",Sappho,93,"7bc
 6bc",undefined,singular,SBJ
σ’,"G5G3αG? G5ρομεG? G5GελασG? GροτήννεμεG? Ψάπφοι , σεφίλG? Κύπρωι βασίλG? καίτοι μέγα δGG? ὄσσοις φαέθων G? πάνται κλέος G? καί σ’ ἐν ἈχέροντG? G2G6νπG?",Sappho,99,"7bc
 6bc",undefined,singular,ExD
ὔμως,G?ι γάρ μ’ ἀπὺ τὰς ἐGG? G? ὔμως δ’ ἔγεντο G? ἴσαν θέοισιν G?ασαν ἀλίτραG? G? ἈνδρομέδανGGαξG? G?αρG3GαG2κGGα G?εον δὲ τρόπον αGGύνηG? G?κορον οὐκατισGεGG? καG5GΤυνδαρίδαις ασυGG3καG χαρίεντ’ ἀGG? G?κ’ ἄδολον μηκέτι συνG? G?μεγαραGG2ναG3αβ κηG?,Sappho,102,"7bc
 6bc",undefined,plural,ExD
σ’,"G?μισσε Μίκα G?ελαG4λά σ’ ἐγω- ἔγωὐκ ἐάσω G?ν φιλότατ’ ἤλεο ΠενθιλήανG? G?δα κακότροπ’ , ἄμμαG? G? μέλος τι γλύκερον GG? G?α μελλιχόφωνG? G?δει , λίγυραι δ’ ἄηG? G? δροσόεσσαG?",Sappho,105,"7bc
 6bc",undefined,singular,ExD
σ’,ἀτG? G2δ’ ὀνιαρGσG? G πίκρος ὔμG? GGταGθᾶδG? Gα τόδε ἴσθ’ G? G ὤττι σ’ ἐGG? G?α φιλήσωG? G?τω τι λοG? G?σσον γὰρ GG?σθαι βελέων G2G?,Sappho,119,"7bc
 6bc",undefined,singular,ExD
σέθεν,E ἀσαροτέρας οὐδάμα πω- πωἴρανα σέθεν τύχοισαν,Sappho,121,"7bc
 6bc",undefined,singular,OBJ
σ’,"ἄ με ψισδομένα κατελίμπανεν πόλλα καὶ τόδ’ ἔειπέ μοι ὤιμ’ ὠς δεῖνα πεπόνθαμεν , Ψάπφ’ , ἦ μάν σ’ ἀέκοισ’ ἀπυλιμπάνω .",Sappho,124,"7bc
 6bc",undefined,singular,OBJ
σε,"χαίροισ’ ἔρχεο κα- κἄμεθεν μέμναισ’ , οἶσθα γὰρ ὤς σε πεδήπομεν ·",Sappho,126,"7bc
 6bc",undefined,singular,OBJ
σ’,"E αἰ δὲ μή , ἀλλά σ’ ἔγω θέλω ὄμναισαιG4GG3G2αι ὄσσα μόλθακα καὶ κάλ’ ἐπάσχομεν ·",Sappho,127,"7bc
 6bc",undefined,singular,OBJ
ὔμοι,"πόλλοις γὰρ στεφάνοις ἴων καὶ βρόδων κροκίων τ’ ὔμοι καG2G? πὰρ ἔμοι περεθήκαο καὶ πόλλαις ὐπαθύμιδας πλέκταις ἀμφ’ ἀπάλαι δέραι ἀνθέων ἐράτων πεποημμέναις καὶ πόλλῳ G?G μύρωι βρενθείωιGG?ρυG2ν ἐξαλείψαο καὶ βασιληΐωι καὶ στρώμναν ἐπὶ μολθάκαν ἀπάλαν παGG?G3ων ἐξίης πόθοG?Gνίδων κα- κωὔ -τε τισG?G2τι ἶρον οὐδυG? ἔπλετ’ ὄπποθεν ἄμμες ἀπέσκομεν , οὐκ ἄλσος GG?Gρος G?ψοφος G?G3οιδιαι",Sappho,128,"7bc
 6bc",undefined,plural,SBJ
σε,"G?σαρδGG2 G? πόλλακι τυίδε νῶν ἔχοισα ὠσπGG3Gώομεν , GG3G2χG2 σε θεασικελαν ἀριγνωτασε † δὲ μάλιστ’ ἔχαιρε μόλπαι ·",Sappho,131,"7bc
 6bc",undefined,singular,ExD
σοὶ,σοὶ δ’ ἔγω Κλέι ποικίλαν G? οὐκ ἔχω πόθεν ἔσσεται G? μιτράναν ·,Sappho,141,"7bc
 6bc",undefined,singular,ADV
σοὶ,"ὄλβιε γάμβρε , σοὶ μὲν δὴ γάμος ὠς ἄραο ἐκτετέλεστ’ , ἔχηις δὲ πάρθενον ἂν † ἄραο .",Sappho,166,"7bc
 6bc",undefined,singular,ADV
σοὶ,"E σοὶ χάριεν μὲν εἶδος , ὄππατα δ’ μέλλιχ’ , ἔρος δ’ ἐπ’ ἰμέρτωι κέχυται προσώπωι .",Sappho,167,"7bc
 6bc",undefined,singular,PNOM
σ’,τετίμακ’ ἔξοχά σ’ Ἀφροδίτα,Sappho,168,"7bc
 6bc",undefined,singular,OBJ
σέ,"οὐκέτι ἤξω πρὸς σέ , οὐκέτι ἤξω .",Sappho,171,"7bc
 6bc",undefined,singular,OBJ
σ’,"τίωι σ’ , ὦ φίλε γάμβρε , κάλως ἐικάσδω ;",Sappho,172,"7bc
 6bc",undefined,singular,OBJ
σε,ὄρπακι βραδίνωι σε μάλιστ’ ἐικάσδω .,Sappho,173,"7bc
 6bc",undefined,singular,OBJ
σὺ,E αὔτα δὲ σὺ Καλλιόπα,Sappho,182,"7bc
 6bc",undefined,singular,SBJ
σοὶ,"Ἄτθι , σοὶ δ’ ἔμεθεν μὲν ἀπήχθετο φροντίσδην , ἐπὶ δ’ Ἀνδρομέδαν πόται",Sappho,189,"7bc
 6bc",undefined,singular,OBJ
σε,"αἰ δ’ ἦχες ἔσλων ἴμερον ἢ κάλων καὶ μή τί τ’ εἴπην γλῶσσ’ ἐκύκα κάκον , αἴδως κέν σε οὐκ † ἦχεν ὄππατ’ ἀλλ’ ἔλεγες περὶ τὼ δικαίω †",Sappho,196,"7bc
 6bc",undefined,singular,OBJ
σύ,E σύ τε κα- κἄμος θεράπων Ἔρος,Sappho,221,"7bc
 6bc",undefined,singular,SBJ_CO
σὺ,"ᾇ σὺ χαρεῖσα πρόφρων ἁμετέραν εὐκλέισον γενεάν "" .",Sappho,265,"7bc
 6bc",undefined,singular,SBJ
Sappho-pronoun-lemma=ὁ: http://127.0.0.1:9999/search/word.html?text_corpus=literature_verse&text_author=Sappho&word_pos=Pronoun&start=0&word_lemma=%E1%BD%81,,,,,,,
τὸ,"τὸ γὰρ GG? G?μον οὐκ οὔτω μG? G? διάκηται , G?μηδG?Gαζε , G? G?χις , συνίημG? G?Gης κακότατος G?μεν G?ν ἀτέραις μεG? G?η φρένας , εὔG? G?ατοις μακαG? G? G?αG?",Sappho,15,"7bc
 6bc",neuter,singular,ExD
οἰ,"E E E οἰ μὲν ἰππήων στρότον οἰ δὲ πέσδων οἰ δὲ νάων φαῖσ’ ἐπὶ γᾶν μέλαιναν ἔμμεναι κάλλιστον , ἔγω δὲ κῆν’ ὄττω τις ἔραται ·",Sappho,24,"7bc
 6bc",masculine,plural,SBJ_CO
οἰ,"E E E οἰ μὲν ἰππήων στρότον οἰ δὲ πέσδων οἰ δὲ νάων φαῖσ’ ἐπὶ γᾶν μέλαιναν ἔμμεναι κάλλιστον , ἔγω δὲ κῆν’ ὄττω τις ἔραται ·",Sappho,24,"7bc
 6bc",masculine,plural,SBJ_CO
οἰ,"E E E οἰ μὲν ἰππήων στρότον οἰ δὲ πέσδων οἰ δὲ νάων φαῖσ’ ἐπὶ γᾶν μέλαιναν ἔμμεναι κάλλιστον , ἔγω δὲ κῆν’ ὄττω τις ἔραται ·",Sappho,24,"7bc
 6bc",masculine,plural,SBJ_CO
τὰι,"G? ἔρωτος ἠλπG? G? G?τιον εἰσίδωσG? G? Ἐρμιόνα τεαυταG? G? ξάνθαι δ’ Ἐλέναι σ’ ἐίσκην G?κες Gις θνάταις , τόδε δ’ ἴσθι , τὰι σᾶι παίσαν κέ με τὰν μερίμναν G?λαισ’ ἀντιδG2Gαθοις δὲ G? G?τας ὄχθοις G?ταιν G? παννυχίσδην",Sappho,35,"7bc
 6bc",feminine,singular,ExD
τό,"φαίνεταί μοι κῆνος ἴσος θέοισιν ἔμμεν’ ὤνηρ , ὄττις ἐνάντιός τοι ἰσδάνει καὶ πλάσιον ἆδυ φωνείσας ὐπακούει καὶ γελαίσας ἰμέροεν , τό μ’ ἦ μὰν καρδίαν ἐν στήθεσιν ἐπτόαισεν , ὠς γὰρ ἔς σ’ ἴδω βρόχε’ ὤς με φώναισ’ οὐ -δ’ ἒν ἔτ’ εἴκει , ἀλλ’ ἄκαν μὲν γλῶσσα ἔαγε λέπτον δ’ αὔτικα χρῶι πῦρ ὐπαδεδρόμηκεν , ὀππάτεσσι δ’ οὐ -δ’ ἒν ὄρημμ’ , ἐπιρρόμβεισι δ’ ἄκουαι , ἐκ δέ μ’ ἴδρως κακχέεται τρόμος δὲ παῖσαν ἄγρει , χλωροτέρα δὲ ποίας ἔμμι , τεθνάκην δ’ ὀλίγω ’πιδεύης φαίνομ’ ἔμ’ αὔται ·",Sappho,44,"7bc
 6bc",neuter,singular,SBJ
ταῖσι,ταῖσι ψῦχρος μὲν ἔγεντ’ ὀ θῦμος πὰρ δ’ ἴεισι τὰ πτέρα,Sappho,56,"7bc
 6bc",feminine,plural,ADV
ταῖσι,ἐπτάξατεG? δάφνας ὄταG? πὰν δ’ ἄδιονG? ἢ κῆνον ἐλοG? καὶ ταῖσι μὲν ἀG? ὀδοίπορος ἄνG4G2G? μύγις δέ ποτ’ εἰσάιον ·,Sappho,94,"7bc
 6bc",feminine,plural,ExD
τὰν,"Ὄνοιρε μελαιναG? φοίταις ὄτα τ’ ὔπνος G? γλύκυς θέος , ἦ δεῖν’ ὀνίας μG? ζὰ χῶρις ἔχην τὰν δυναμG? .",Sappho,97,"7bc
 6bc",feminine,singular,ExD
τοὶς,ἔλπις δέ μ’ ἔχει μὴ πεδέχην μηδὲν μακάρων ἐλG? οὐ γάρ κ’ ἔον οὔτωG ἀθύρματα καGG? γένοιτο δέ μοιG? τοὶς πάνταG?,Sappho,98,"7bc
 6bc",masculine,plural,ExD
τὰς,G?ι γάρ μ’ ἀπὺ τὰς ἐGG? G? ὔμως δ’ ἔγεντο G? ἴσαν θέοισιν G?ασαν ἀλίτραG? G? ἈνδρομέδανGGαξG? G?αρG3GαG2κGGα G?εον δὲ τρόπον αGGύνηG? G?κορον οὐκατισGεGG? καG5GΤυνδαρίδαις ασυGG3καG χαρίεντ’ ἀGG? G?κ’ ἄδολον μηκέτι συνG? G?μεγαραGG2ναG3αβ κηG?,Sappho,102,"7bc
 6bc",feminine,singular,ExD
τὰν,τὰν δ’ ἔγω τάδ’ ἀμειβόμαν ·,Sappho,125,"7bc
 6bc",feminine,singular,OBJ
ἀ,ἀ γάρ με γένναG? GGας ἐπ’ ἀλικίας μεγG? κόσμον αἴ τις ἔχηι φόβαGG? πορφύρωι κατελιξαμένα ἔμμεναι μάλα τοῦτο GG? ἀλλὰ ξανθοτέραις ἔχηG? ταὶς κόμαις δάιδος προG? στεφάνοισιν ἐπαρτιαG? ἀνθέων ἐριθαλέων ·,Sappho,139,"7bc
 6bc",feminine,singular,ExD
τὸ,Gεν τὸ γὰρ ἐννεπεGη προβG? Gατε τὰν εὔποδα νύμφαν G? G?τα παῖδα Κρονίδα τὰν ἰόκολπον G? Gς ὄργαν θεμένα τὰν ἰόκολπος αG? G?G2ἄγναι Χάριτες Πιέριδές τε Μοῖσαι G?GG? .,Sappho,149,"7bc
 6bc",neuter,singular,ExD
αἰ,E πλήρης μὲν ἐφαίνετ’ ἀ σελάννα αἰ δ’ ὠς περὶ βῶμον ἐστάθησαν,Sappho,216,"7bc
 6bc",feminine,plural,SBJ
τῆς,κοινὸν γὰρ τὸ ὄνομα GεδGταιη κατὰ τῆς GG3 αG3 ΠλειστοδίκηG2ν G? ὀνομασθήσεται κυG?ηG?Gατετουτ G?Gνοαν,Sappho,262,"7bc
 6bc",feminine,singular,ExD
τὰν,"E Τιμάδος ἅδε κόνις , τὰν δὴ πρὸ γάμοιο θανοῦσαν δέξατο Φερσεφόνας κυάνεος θάλαμος , ἇς καὶ ἀποφθιμένας πᾶσαι νεοθᾶγι σιδάρῳ ἅλικες ἱμερτὰν κρατὸς ἔθεντο κόμαν .",Sappho,266,"7bc
 6bc",feminine,singular,OBJ
Sappho-pronoun-lemma=ὅστις: http://127.0.0.1:9999/search/word.html?text_corpus=literature_verse&text_author=Sappho&word_pos=Pronoun&start=0&word_lemma=%E1%BD%85%CF%83%CF%84%CE%B9%CF%82,,,,,,,
ὄττι,"σὺ δ’ , ὦ μάκαιρα , μειδιαίσαισ’ ἀθανάτωι προσώπωι ἤρε’ ὄττι δη- δηὖτε πέπονθα κα- κὤττι δη- δηὖτε κάλημμι κα- κὤττι μοι μάλιστα θέλω γένεσθαι μαινόλαι θύμωι ·",Sappho,4,"7bc
 6bc",neuter,singular,OBJ
κὤττι,"σὺ δ’ , ὦ μάκαιρα , μειδιαίσαισ’ ἀθανάτωι προσώπωι ἤρε’ ὄττι δη- δηὖτε πέπονθα κα- κὤττι δη- δηὖτε κάλημμι κα- κὤττι μοι μάλιστα θέλω γένεσθαι μαινόλαι θύμωι ·",Sappho,4,"7bc
 6bc",neuter,singular,OBJ
κὤττι,"σὺ δ’ , ὦ μάκαιρα , μειδιαίσαισ’ ἀθανάτωι προσώπωι ἤρε’ ὄττι δη- δηὖτε πέπονθα κα- κὤττι δη- δηὖτε κάλημμι κα- κὤττι μοι μάλιστα θέλω γένεσθαι μαινόλαι θύμωι ·",Sappho,4,"7bc
 6bc",neuter,singular,SBJ
ὄσσα,"ἔλθε μοι καὶ νῦν , χαλέπαν δὲ λῦσον ἐκ μερίμναν , ὄσσα δέ μοι τέλεσσαι θῦμος ἰμέρρει , τέλεσον , σὺ δ’ αὔτα σύμμαχος ἔσσο .",Sappho,8,"7bc
 6bc",neuter,plural,OBJ
κὤσσα,"Κύπρι καὶ Νηρήιδες ἀβλάβην μοι τὸν κασίγνητον δότε τυίδ’ ἴκεσθαι κα- κὤσσα ϝοι θύμωι κε θέληι γένεσθαι πάντα τελέσθην , ὄσσα δὲ πρόσθ’ ἄμβροτε πάντα λῦσαι καὶ φίλοισι ϝοῖσι χάραν γένεσθαι νῦν πόνον τ’ ἔχθροισι , γένοιτο δ’ ἄμμι μήκετι μη -δ’ εἴς ·",Sappho,18,"7bc
 6bc",neuter,plural,OBJ
ὄσσα,"Κύπρι καὶ Νηρήιδες ἀβλάβην μοι τὸν κασίγνητον δότε τυίδ’ ἴκεσθαι κα- κὤσσα ϝοι θύμωι κε θέληι γένεσθαι πάντα τελέσθην , ὄσσα δὲ πρόσθ’ ἄμβροτε πάντα λῦσαι καὶ φίλοισι ϝοῖσι χάραν γένεσθαι νῦν πόνον τ’ ἔχθροισι , γένοιτο δ’ ἄμμι μήκετι μη -δ’ εἴς ·",Sappho,18,"7bc
 6bc",neuter,plural,OBJ
ὄτοισι,"τὰν κασιγνήταν δὲ θέλοι πόησθαι ἔμμορον τίμας , ὀνίαν δὲ λύγραν ἐκλύοιτ’ , ὄτοισι πάροιθ’ ἀχεύων τω- τὦμον ἐδάμνα κῆρ ὀνείδισμ’ εἰσαΐων τὸ κέγχρω G?λεπαγG3αι πολίταν G?λλωσG3νηκε δ’ αὖτ’ οὐ G?κρωG? G?οναικG?εοG?Gι G?G2Gν ·",Sappho,19,"7bc
 6bc",masculine,plural,ADV
ὄττω,"E E E οἰ μὲν ἰππήων στρότον οἰ δὲ πέσδων οἰ δὲ νάων φαῖσ’ ἐπὶ γᾶν μέλαιναν ἔμμεναι κάλλιστον , ἔγω δὲ κῆν’ ὄττω τις ἔραται ·",Sappho,24,"7bc
 6bc",neuter,singular,OBJ
ὄττινας,"G?θαμέωG? G? ὄττινας γὰρ εὖ θέω , κῆνοί με μάλιστα πάντων G? σίνονται G? ἀλεμάτG? G?GγονωμG? G?Gιμ’ οὐ πρG? G?αι G? σέ , θέλωG? G?τοπάθηG? G?Gαν , ἔγω δ’ ἔμ’ αὔται G? τοῦτο συνοίδα G?GGGτοισG3GG? G?εναμG? G?GGGG?",Sappho,36,"7bc
 6bc",masculine,plural,OBJ
ὄττι,"εὖ δεG? καὶ σὺ τοῦτ’ , ἀλλ’ ὄττι τάχιστα G? παρθένοις ἄππεμπε , θέοι G? G?εν ἔχοιεν G? ὄδος μέγαν εἰς Ὄλυμπον G? ἀνθρωπG? G?αίκGG?",Sappho,41,"7bc
 6bc",neuter,singular,ADV
ὄττις,"φαίνεταί μοι κῆνος ἴσος θέοισιν ἔμμεν’ ὤνηρ , ὄττις ἐνάντιός τοι ἰσδάνει καὶ πλάσιον ἆδυ φωνείσας ὐπακούει καὶ γελαίσας ἰμέροεν , τό μ’ ἦ μὰν καρδίαν ἐν στήθεσιν ἐπτόαισεν , ὠς γὰρ ἔς σ’ ἴδω βρόχε’ ὤς με φώναισ’ οὐ -δ’ ἒν ἔτ’ εἴκει , ἀλλ’ ἄκαν μὲν γλῶσσα ἔαγε λέπτον δ’ αὔτικα χρῶι πῦρ ὐπαδεδρόμηκεν , ὀππάτεσσι δ’ οὐ -δ’ ἒν ὄρημμ’ , ἐπιρρόμβεισι δ’ ἄκουαι , ἐκ δέ μ’ ἴδρως κακχέεται τρόμος δὲ παῖσαν ἄγρει , χλωροτέρα δὲ ποίας ἔμμι , τεθνάκην δ’ ὀλίγω ’πιδεύης φαίνομ’ ἔμ’ αὔται ·",Sappho,44,"7bc
 6bc",masculine,singular,SBJ
ὄττι,οὐκ οἶδ’ ὄττι θέω ·,Sappho,80,"7bc
 6bc",neuter,singular,OBJ
ὄσσα,"G? τύχοισα G? θέλ’ ὦν τ’ ἀπαίσαν G?Gεσον νόημμα G?έτων κάλημμιG? πεδὰ θῦμον αἶψα G? ὄσσα τύχην θελήσηις G?ρ ἔμοι μάχεσθαι χλιδάναι πίθεισαG? G?ι , σὺ δ’ εὖ γὰρ οἶσθα G?έτει ταGGλεG2 G?κλασG?",Sappho,93,"7bc
 6bc",neuter,plural,OBJ
ὤττι,ἀτG? G2δ’ ὀνιαρGσG? G πίκρος ὔμG? GGταGθᾶδG? Gα τόδε ἴσθ’ G? G ὤττι σ’ ἐGG? G?α φιλήσωG? G?τω τι λοG? G?σσον γὰρ GG?σθαι βελέων G2G?,Sappho,119,"7bc
 6bc",neuter,singular,ExD
ὄσσα,"E αἰ δὲ μή , ἀλλά σ’ ἔγω θέλω ὄμναισαιG4GG3G2αι ὄσσα μόλθακα καὶ κάλ’ ἐπάσχομεν ·",Sappho,127,"7bc
 6bc",neuter,plural,OBJ
Sappho-pronoun-lemma=τις: http://127.0.0.1:9999/search/word.html?text_corpus=literature_verse&text_author=Sappho&word_pos=Pronoun&start=0&word_lemma=%CF%84%CE%B9%CF%82,,,,,,,
τις,"E E E οἰ μὲν ἰππήων στρότον οἰ δὲ πέσδων οἰ δὲ νάων φαῖσ’ ἐπὶ γᾶν μέλαιναν ἔμμεναι κάλλιστον , ἔγω δὲ κῆν’ ὄττω τις ἔραται ·",Sappho,24,"7bc
 6bc",undefined,singular,SBJ
τις,κατθάνοισα δὲ κείσηι οὐ -δ’ ἔτι τις μναμοσύνα σέθεν ἔσσετ’ οὐδέποτ’ εἰς ὔστερον ·,Sappho,85,"7bc
 6bc",undefined,singular,ATR
τι,"G?μισσε Μίκα G?ελαG4λά σ’ ἐγω- ἔγωὐκ ἐάσω G?ν φιλότατ’ ἤλεο ΠενθιλήανG? G?δα κακότροπ’ , ἄμμαG? G? μέλος τι γλύκερον GG? G?α μελλιχόφωνG? G?δει , λίγυραι δ’ ἄηG? G? δροσόεσσαG?",Sappho,105,"7bc
 6bc",neuter,singular,ATR
τις,τιραδG? G?αί τις εἴποι G?Gσαν ·,Sappho,116,"7bc
 6bc",undefined,singular,SBJ
τι,ἀτG? G2δ’ ὀνιαρGσG? G πίκρος ὔμG? GGταGθᾶδG? Gα τόδε ἴσθ’ G? G ὤττι σ’ ἐGG? G?α φιλήσωG? G?τω τι λοG? G?σσον γὰρ GG?σθαι βελέων G2G?,Sappho,119,"7bc
 6bc",neuter,singular,ExD
τι,GουG? ἦρ’ ἀG? δηρατGG? ΓογγυλαGG? ἦ τι σᾶμ’ ἐθεGG? παισὶ μάλιστα GG? Gμας γ’ εἴσηλθ’ ἐπGG? εἶπον ·,Sappho,129,"7bc
 6bc",neuter,singular,ATR
τις,"ὦ δέσποτ’ , ἐπGG? οὐ μὰ γὰρ μάκαιραν G? οὐδὲν ἄδομ’ ἔπαρθ’ ἀγαG? κατθάνην δ’ ἴμερός τις G? ἔχει με καὶ λωτίνοις δροσόεντας G? ὄχθοις ἴδην ἈχερG? GG2δεσαιδ’GG? GG2δετοGG? μητιG2G?",Sappho,130,"7bc
 6bc",undefined,singular,ATR
τις,ἀ γάρ με γένναG? GGας ἐπ’ ἀλικίας μεγG? κόσμον αἴ τις ἔχηι φόβαGG? πορφύρωι κατελιξαμένα ἔμμεναι μάλα τοῦτο GG? ἀλλὰ ξανθοτέραις ἔχηG? ταὶς κόμαις δάιδος προG? στεφάνοισιν ἐπαρτιαG? ἀνθέων ἐριθαλέων ·,Sappho,139,"7bc
 6bc",undefined,singular,SBJ
τις,"ἀλλά τις οὐκ ἔμμι παλιγκότων ὄργαν , ἀλλ’ ἀβάκην τὰν φρέν’ ἔχω",Sappho,177,"7bc
 6bc",undefined,singular,PNOM
τιν’,E ἔμεθεν δ’ ἔχηισθα λάθαν ἤ τιν’ ἄλλον ἀνθρώπων ἔμεθεν φίληισθα,Sappho,187,"7bc
 6bc",undefined,singular,OBJ
τί,"αἰ δ’ ἦχες ἔσλων ἴμερον ἢ κάλων καὶ μή τί τ’ εἴπην γλῶσσ’ ἐκύκα κάκον , αἴδως κέν σε οὐκ † ἦχεν ὄππατ’ ἀλλ’ ἔλεγες περὶ τὼ δικαίω †",Sappho,196,"7bc
 6bc",neuter,singular,OBJ
τινά,μνάσασθαί τινά φαιμι καὶ ἕτερον † ἀμμέων,Sappho,208,"7bc
 6bc",undefined,singular,SBJ
τις,"παῖδες , ἄφωνος ἐοῖσα τορ’ ἐννέπω , αἴ τις ἔρηται , φωνὰν ἀκαμάταν κατθεμένα πρὸ ποδῶν ·",Sappho,263,"7bc
 6bc",undefined,singular,SBJ
Sappho-pronoun-lemma=οὗτος: http://127.0.0.1:9999/search/word.html?text_corpus=literature_verse&text_author=Sappho&word_pos=Pronoun&start=0&word_lemma=%CE%BF%E1%BD%97%CF%84%CE%BF%CF%82,,,,,,,
αὔταν,"E πάγχυ δ’ εὔμαρες σύνετον πόησαι πάντι τοῦτ’ , ἀ γὰρ πόλυ περσκέθοισα κάλλος ἀνθρώπων Ἐλένα τὸν ἄνδρα τὸν πανάριστον καλλίποισ’ ἔβα ’ς Τροΐαν πλέοισα κα- κωὐ -δὲ παῖδος οὐ -δὲ φίλων τοκήων πάμπαν ἐμνάσθη , ἀλλὰ παράγαγ’ αὔταν Κύπρις ἔραισαν .",Sappho,25,"7bc
 6bc",feminine,singular,OBJ
τοῦτ’,"E πάγχυ δ’ εὔμαρες σύνετον πόησαι πάντι τοῦτ’ , ἀ γὰρ πόλυ περσκέθοισα κάλλος ἀνθρώπων Ἐλένα τὸν ἄνδρα τὸν πανάριστον καλλίποισ’ ἔβα ’ς Τροΐαν πλέοισα κα- κωὐ -δὲ παῖδος οὐ -δὲ φίλων τοκήων πάμπαν ἐμνάσθη , ἀλλὰ παράγαγ’ αὔταν Κύπρις ἔραισαν .",Sappho,25,"7bc
 6bc",neuter,singular,OBJ
αὔτα,"ἀ γὰρ κατάγωγις αὔτα ἐπτόαισ’ ἴδοισαν , ἔγω δὲ χαίρω , καὶ γὰρ αὔτα δήποτ’ ἐμεμφG? ΚυπρογενηαG? ὠς ἄραμαι τοῦτο τῶG? G?βόλλομαι",Sappho,34,"7bc
 6bc",feminine,singular,ATR
αὔτα,"ἀ γὰρ κατάγωγις αὔτα ἐπτόαισ’ ἴδοισαν , ἔγω δὲ χαίρω , καὶ γὰρ αὔτα δήποτ’ ἐμεμφG? ΚυπρογενηαG? ὠς ἄραμαι τοῦτο τῶG? G?βόλλομαι",Sappho,34,"7bc
 6bc",feminine,singular,ExD
τοῦτο,"ἀ γὰρ κατάγωγις αὔτα ἐπτόαισ’ ἴδοισαν , ἔγω δὲ χαίρω , καὶ γὰρ αὔτα δήποτ’ ἐμεμφG? ΚυπρογενηαG? ὠς ἄραμαι τοῦτο τῶG? G?βόλλομαι",Sappho,34,"7bc
 6bc",neuter,singular,OBJ
τοῦτο,"G?θαμέωG? G? ὄττινας γὰρ εὖ θέω , κῆνοί με μάλιστα πάντων G? σίνονται G? ἀλεμάτG? G?GγονωμG? G?Gιμ’ οὐ πρG? G?αι G? σέ , θέλωG? G?τοπάθηG? G?Gαν , ἔγω δ’ ἔμ’ αὔται G? τοῦτο συνοίδα G?GGGτοισG3GG? G?εναμG? G?GGGG?",Sappho,36,"7bc
 6bc",neuter,singular,OBJ
ταῦτα,"καὶ γὰρ Gη σὺ πάις ποτG? G3ικης μέλπεσθ’ ἄγι ταῦτα G? G2 ζάλεξαι , κα- κἄμμ’ ἀπὺ τωδεκG? Gδρα χάρισσαι ·",Sappho,39,"7bc
 6bc",neuter,plural,OBJ
τοῦτ’,"εὖ δεG? καὶ σὺ τοῦτ’ , ἀλλ’ ὄττι τάχιστα G? παρθένοις ἄππεμπε , θέοι G? G?εν ἔχοιεν G? ὄδος μέγαν εἰς Ὄλυμπον G? ἀνθρωπG? G?αίκGG?",Sappho,41,"7bc
 6bc",neuter,singular,ExD
τοῦτο,τοῦτο καί μοι τὸ λάμπρον ἔρος τω- τὠελίω καὶ τὸ κάλον λέλογχε .,Sappho,92,"7bc
 6bc",neuter,singular,ATR
τοῦτ’,G2ων μαGG? καὶ τοῦτ’ ἐπικεGG? δαίμων ὀλοφGG? οὐ μὰν ἐφίλησG? νῦν δ’ ἔννεκαG? τὸ δ’ αἴτιον οὐτG? οὐδὲν πόλυ GGG? Gυδ’,Sappho,100,"7bc
 6bc",neuter,singular,ExD
τοῦτο,ἀ γάρ με γένναG? GGας ἐπ’ ἀλικίας μεγG? κόσμον αἴ τις ἔχηι φόβαGG? πορφύρωι κατελιξαμένα ἔμμεναι μάλα τοῦτο GG? ἀλλὰ ξανθοτέραις ἔχηG? ταὶς κόμαις δάιδος προG? στεφάνοισιν ἐπαρτιαG? ἀνθέων ἐριθαλέων ·,Sappho,139,"7bc
 6bc",neuter,singular,SBJ
ταῦτα,G?GG? παιGαGειον ἔχην ποGG? αἰκεGη ποικιλασκG4G? ταῦτα τὰς ΚλεανακτιδαG? φύγας G2ισαπολισεχει † μνάματ’ ·,Sappho,144,"7bc
 6bc",neuter,plural,ExD
Sappho-pronoun-lemma=αὐτός: http://127.0.0.1:9999/search/word.html?text_corpus=literature_verse&text_author=Sappho&word_pos=Pronoun&start=0&word_lemma=%CE%B1%E1%BD%90%CF%84%CF%8C%CF%82,,,,,,,
αὔτα,"ἔλθε μοι καὶ νῦν , χαλέπαν δὲ λῦσον ἐκ μερίμναν , ὄσσα δέ μοι τέλεσσαι θῦμος ἰμέρρει , τέλεσον , σὺ δ’ αὔτα σύμμαχος ἔσσο .",Sappho,8,"7bc
 6bc",feminine,singular,ADV
αὔται,"G?θαμέωG? G? ὄττινας γὰρ εὖ θέω , κῆνοί με μάλιστα πάντων G? σίνονται G? ἀλεμάτG? G?GγονωμG? G?Gιμ’ οὐ πρG? G?αι G? σέ , θέλωG? G?τοπάθηG? G?Gαν , ἔγω δ’ ἔμ’ αὔται G? τοῦτο συνοίδα G?GGGτοισG3GG? G?εναμG? G?GGGG?",Sappho,36,"7bc
 6bc",feminine,singular,APOS
αὔται,"φαίνεταί μοι κῆνος ἴσος θέοισιν ἔμμεν’ ὤνηρ , ὄττις ἐνάντιός τοι ἰσδάνει καὶ πλάσιον ἆδυ φωνείσας ὐπακούει καὶ γελαίσας ἰμέροεν , τό μ’ ἦ μὰν καρδίαν ἐν στήθεσιν ἐπτόαισεν , ὠς γὰρ ἔς σ’ ἴδω βρόχε’ ὤς με φώναισ’ οὐ -δ’ ἒν ἔτ’ εἴκει , ἀλλ’ ἄκαν μὲν γλῶσσα ἔαγε λέπτον δ’ αὔτικα χρῶι πῦρ ὐπαδεδρόμηκεν , ὀππάτεσσι δ’ οὐ -δ’ ἒν ὄρημμ’ , ἐπιρρόμβεισι δ’ ἄκουαι , ἐκ δέ μ’ ἴδρως κακχέεται τρόμος δὲ παῖσαν ἄγρει , χλωροτέρα δὲ ποίας ἔμμι , τεθνάκην δ’ ὀλίγω ’πιδεύης φαίνομ’ ἔμ’ αὔται ·",Sappho,44,"7bc
 6bc",feminine,singular,APOS
καὔτα,οὐδυG? G?Gάσδοισ’ ὀλιγαG? G?Gένα φέρεσθαι G?Gφια τισG3G? G?Gδ’ ἄδιον εἰσορG? G? οἶσθα κα- καὔτα ·,Sappho,114,"7bc
 6bc",neuter,plural,OBJ
αὐτὰ,E πρὸς τὴν Ἀφροδίτην χερρόμακτρα δὲ καγγόνων † πορφύραι κὰτ’ αὐτὰ μὲν ἀτιμάσεις † ἔπεμψ’ ἀπὺ Φωκάας δῶρα τίμια καγγόνων †,Sappho,147,"7bc
 6bc",neuter,plural,ADV
αὔτα,E αὔτα δὲ σὺ Καλλιόπα,Sappho,182,"7bc
 6bc",feminine,singular,ADV
Sappho-pronoun-lemma=ἐκεῖνος: http://127.0.0.1:9999/search/word.html?q=%E1%BC%90%CE%BA%CE%B5%E1%BF%96%CE%BD%CE%BF%CF%82&text_corpus=literature_verse&text_author=Sappho,,,,,,,
κῆν’,"E E E οἰ μὲν ἰππήων στρότον οἰ δὲ πέσδων οἰ δὲ νάων φαῖσ’ ἐπὶ γᾶν μέλαιναν ἔμμεναι κάλλιστον , ἔγω δὲ κῆν’ ὄττω τις ἔραται ·",Sappho,24,"7bc
 6bc",neuter,singular,SBJ
κῆνοί,"G?θαμέωG? G? ὄττινας γὰρ εὖ θέω , κῆνοί με μάλιστα πάντων G? σίνονται G? ἀλεμάτG? G?GγονωμG? G?Gιμ’ οὐ πρG? G?αι G? σέ , θέλωG? G?τοπάθηG? G?Gαν , ἔγω δ’ ἔμ’ αὔται G? τοῦτο συνοίδα G?GGGτοισG3GG? G?εναμG? G?GGGG?",Sappho,36,"7bc
 6bc",masculine,plural,SBJ
κῆνος,"φαίνεταί μοι κῆνος ἴσος θέοισιν ἔμμεν’ ὤνηρ , ὄττις ἐνάντιός τοι ἰσδάνει καὶ πλάσιον ἆδυ φωνείσας ὐπακούει καὶ γελαίσας ἰμέροεν , τό μ’ ἦ μὰν καρδίαν ἐν στήθεσιν ἐπτόαισεν , ὠς γὰρ ἔς σ’ ἴδω βρόχε’ ὤς με φώναισ’ οὐ -δ’ ἒν ἔτ’ εἴκει , ἀλλ’ ἄκαν μὲν γλῶσσα ἔαγε λέπτον δ’ αὔτικα χρῶι πῦρ ὐπαδεδρόμηκεν , ὀππάτεσσι δ’ οὐ -δ’ ἒν ὄρημμ’ , ἐπιρρόμβεισι δ’ ἄκουαι , ἐκ δέ μ’ ἴδρως κακχέεται τρόμος δὲ παῖσαν ἄγρει , χλωροτέρα δὲ ποίας ἔμμι , τεθνάκην δ’ ὀλίγω ’πιδεύης φαίνομ’ ἔμ’ αὔται ·",Sappho,44,"7bc
 6bc",masculine,singular,ATR
κῆνον,ἐπτάξατεG? δάφνας ὄταG? πὰν δ’ ἄδιονG? ἢ κῆνον ἐλοG? καὶ ταῖσι μὲν ἀG? ὀδοίπορος ἄνG4G2G? μύγις δέ ποτ’ εἰσάιον ·,Sappho,94,"7bc
 6bc",neuter,singular,ExD
κῆνοι,κῆνοι δ’ ἄρα πάντες καρχάσι’ ἦχον κα- κἄλειβον ἀράσαντο δὲ πάμπαν ἔσλα τὼι γάμβρωι .,Sappho,202,"7bc
 6bc",masculine,plural,SBJ
κῆνος,φαίνεταί ϝοι κῆνος,Sappho,227,"7bc
 6bc",masculine,singular,SBJ
Sappho-pronoun-lemma=ἕ: http://127.0.0.1:9999/search/word.html?text_corpus=literature_verse&text_author=Sappho&word_pos=Pronoun&start=0&word_lemma=%E1%BC%95,,,,,,,
ϝοι,"Κύπρι καὶ Νηρήιδες ἀβλάβην μοι τὸν κασίγνητον δότε τυίδ’ ἴκεσθαι κα- κὤσσα ϝοι θύμωι κε θέληι γένεσθαι πάντα τελέσθην , ὄσσα δὲ πρόσθ’ ἄμβροτε πάντα λῦσαι καὶ φίλοισι ϝοῖσι χάραν γένεσθαι νῦν πόνον τ’ ἔχθροισι , γένοιτο δ’ ἄμμι μήκετι μη -δ’ εἴς ·",Sappho,18,"7bc
 6bc",masculine,singular,ADV
ϝοι,φαίνεταί ϝοι κῆνος,Sappho,227,"7bc
 6bc",masculine,singular,OBJ